o0900000	s	A	A	378
o0900004	c	|A×EN~a~v2|	|A×EN~a|	1
o0900005	c	|A×1(N14)|	|A×1(N14)|	1
o0900006	c	|A×ŠUBUR|	|A×ŠUBUR|	1
o0900007	c	|A×ZATU672|	|A×ZATU672|	1
o0900010	s	A₂	A₂	2
o0900012	s	AB~a	AB~a	319
o0900014	s	AB~b	AB~b	53
o0900018	c	|AB~a×A@t|	|AB~a×A@t|	1
o0900020	c	|AB~a×AŠ₂|	|AB~a×AŠ₂|	2
o0900027	c	|AB~a×1(N04)|	|AB~a×1(N04)|	3
o0900033	c	|AB~a×(ŠE~a&ŠE~a)|	|AB~a×(ŠE~a&ŠE~a)|	3
o0900038	c	|AB~a×ZATU659|	|AB~a×ZATU659|	3
o0900040	s	AB~a@g	AB~a@g	1
o0900041	s	AB₂	AB₂	293
o0900043	c	|AB₂×2(N14)|	|AB₂×2(N14)|	2
o0900047	s	ABGAL	ABGAL	43
o0900049	s	ABRIG	ABRIG	2
o0900050	s	ABZU	ABZU	5
o0900053	s	AD~a	AD~a	37
o0900054	s	AD~b	AD~b	3
o0900055	s	AD~c	AD~c	7
o0900056	s	ADAB	ADAB	31
o0900058	s	ADDA	ADDA	1
o0900060	s	AGAR₂	AGAR₂	16
o0900062	s	AK~a	AK~a	45
o0900063	s	AK~b	AK~b	2
o0900064	s	AL	AL	90
o0900066	s	ALAN~a	ALAN~a	5
o0900067	s	ALAN~b	ALAN~b	4
o0900068	s	ALAN~c	ALAN~c	5
o0900070	s	ALAN~e	ALAN~e	2
o0900072	s	ALIM	ALIM	10
o0900074	s	AM~a	AM~a	2
o0900075	s	AM~b	AM~b	2
o0900077	s	AMA~a	AMA~a	83
o0900079	s	AMA~b	AMA~b	5
o0900081	c	|AMA~a×E₂~a|	|AMA~a×E₂~a|	3
o0900082	s	AMAR	AMAR	117
o0900085	c	|AMAR.1(N02)|	|AMAR.1(N02)|	2
o0900086	c	|AMAR~v2×TAR~c|	|AMAR×TAR|	1
o0900087	c	|AMAR&AMAR|	|AMAR&AMAR|	1
o0900088	s	AMAR@g	AMAR@g	1
o0900089	s	AN	AN	702
o0900093	s	ANŠE~a	ANŠE~a	6
o0900094	s	ANŠE~b	ANŠE~b	22
o0900095	s	ANŠE~c	ANŠE~c	3
o0900096	s	ANŠE~e	ANŠE~e	7
o0900097	s	ANŠE~f	ANŠE~f	5
o0900100	s	APIN~a	APIN~a	158
o0900101	s	APIN~b	APIN~b	10
o0900102	s	APIN~c	APIN~c	2
o0900104	c	|APIN~a.APIN~a|	|APIN~a.APIN~a|	1
o0900106	s	ARARMA₂~a	ARARMA₂~a	7
o0900108	s	ARARMA₂~b	ARARMA₂~b	2
o0900109	s	ARATTA	ARATTA	1
o0900111	s	ASAR	ASAR	18
o0900112	s	AŠ₂	AŠ₂	1
o0900113	s	AZ	AZ	17
o0900114	s	AZU	AZU	2
o0900115	s	BA	BA	558
o0900116	s	BAD	BAD	15
o0900117	c	|BAD&BAD|	|BAD&BAD|	7
o0900119	s	BAD₃~a	BAD₃~a	2
o0900121	s	BAD₃~b1	BAD₃~b1	1
o0900122	s	BAD₃~b2	BAD₃~b2	3
o0900124	s	BAHAR₂~a	BAHAR₂~a	17
o0900126	s	BAHAR₂~b	BAHAR₂~b	18
o0900128	s	BAHAR₂~c	BAHAR₂~c	15
o0900130	s	BALA~a	BALA~a	18
o0900131	s	BALA~b	BALA~b	2
o0900133	s	BALAG	BALAG	16
o0900136	s	BAN~a	BAN~a	14
o0900139	s	BAN~b	BAN~b	2
o0900141	s	BANŠUR~a	BANŠUR~a	1
o0900142	s	BANŠUR~b1	BANŠUR~b1	2
o0900143	s	BANŠUR~b2	BANŠUR~b2	1
o0900144	s	BANŠUR~c	BANŠUR~c	2
o0900146	s	BANŠUR~a@t	BANŠUR~a@t	1
o0900148	s	BAPPIR~a	BAPPIR~a	3
o0900149	s	BAPPIR~b	BAPPIR~b	3
o0900150	s	BAPPIR~c	BAPPIR~c	1
o0900151	s	BAPPIR~d	BAPPIR~d	6
o0900152	s	BAPPIR~e	BAPPIR~e	1
o0900153	s	BAPPIR~f	BAPPIR~f	1
o0900154	s	BAR	BAR	302
o0900158	s	BARA₂~a	BARA₂~a	56
o0900160	s	BARA₂~b	BARA₂~b	4
o0900162	s	BARA₃	BARA₃	15
o0900165	s	BIR~a	BIR~a	4
o0900166	s	BIR~b	BIR~b	1
o0900167	s	BIR~c	BIR~c	1
o0900169	s	BIR₃~a	BIR₃~a	14
o0900171	s	BIR₃~b	BIR₃~b	4
o0900173	s	BIR₃~c	BIR₃~c	4
o0900175	s	BU~a	BU~a	403
o0900177	s	BU~b	BU~b	13
o0900183	c	|BU~a~v1×A|	|BU~a×A|	2
o0900189	c	|BU~a&BU~a|	|BU~a&BU~a|	1
o0900191	c	|(BU~a&BU~a).NA₂~a|	|(BU~a&BU~a).NA₂~a|	8
o0900195	c	|(BU~a~v1%BU~a~v1).NA₂~a@n|	|(BU~a&BU~a).NA₂~a@n|	2
o0900197	c	|(BU~a&BU~a).X|	|(BU~a&BU~a).X|	1
o0900199	c	|BU~a+DU₆~a|	|BU~a+DU₆~a|	40
o0900199	c	|BU~a+DU₆~a|	|BU~a.DU₆~a|	9
o0900202	c	|BU~a+KI|	|BU~a+KI|	1
o0900205	s	BU₃	BU₃	20
o0900205	s	BU₃	BU₃~a	3
o0900206	s	BULUG	BULUG	3
o0900207	s	BULUG₃	BULUG₃	30
o0900211	s	BUR~a	BUR~a	27
o0900212	s	BUR~b	BUR~b	8
o0900213	s	BUR~c	BUR~c	1
o0900214	s	BUR~d	BUR~d	1
o0900215	s	BUR₂	BUR₂	34
o0900217	s	DA~a	DA~a	164
o0900218	s	DA~b	DA~b	6
o0900219	s	DA~c	DA~c	2
o0900220	s	DA~d	DA~d	1
o0900224	s	DAH	DAH	22
o0900225	s	DAM	DAM	14
o0900226	s	DANNA	DANNA	4
o0900228	s	DAR~a	DAR~a	14
o0900229	s	DAR~b	DAR~b	12
o0900230	s	DAR~c	DAR~c	6
o0900231	s	DAR~d	DAR~d	1
o0900233	c	|DAR~a×A|	|DAR~a×A|	1
o0900235	s	DARA₃~a	DARA₃~a	3
o0900236	s	DARA₃~b	DARA₃~b	1
o0900237	s	DARA₃~c	DARA₃~c	5
o0900239	s	DARA₃~d	DARA₃~d	1
o0900241	c	|DARA₃~c×KAR₂~b|	|DARA₃~c×KAR₂|	2
o0900243	c	|DARA₃~d×KAR₂~b|	|DARA₃~d×KAR₂|	5
o0900246	c	|DARA₃~c×(KAR₂~c.ŠE~a)|	|DARA₃~c×(KAR₂.ŠE~a)|	1
o0900247	c	|DARA₃~d2×(KAR₂~a1.ŠE~a)|	|DARA₃~d×(KAR₂.ŠE~a)|	1
o0900249	s	DARA₄~a1	DARA₄~a1	26
o0900250	s	DARA₄~a2	DARA₄~a2	3
o0900251	s	DARA₄~a3	DARA₄~a3	1
o0900252	s	DARA₄~b	DARA₄~b	4
o0900253	s	DARA₄~c	DARA₄~c	1
o0900254	s	DARA₄~c1	DARA₄~c1	10
o0900255	s	DARA₄~c2	DARA₄~c2	20
o0900256	s	DARA₄~c3	DARA₄~c3	4
o0900257	s	DARA₄~c4	DARA₄~c4	7
o0900258	s	DARA₄~c5	DARA₄~c5	1
o0900259	s	DARA₄~d	DARA₄~d	1
o0900260	s	DI	DI	89
o0900261	s	DI@t	DI@t	2
o0900262	s	DIB	DIB	5
o0900264	s	DILMUN	DILMUN	26
o0900269	s	DIM~a	DIM~a	34
o0900270	s	DIM~b	DIM~b	4
o0900271	s	DIM~c	DIM~c	19
o0900276	s	DIN	DIN	63
o0900277	c	|DIN×1(N58)|	|DIN+1(N57)|	1
o0900278	s	DIN@t	DIN@t	1
o0900279	s	DU	DU	321
o0900281	c	|DU×1(N58@t)|	|DU×DIŠ|	3
o0900282	s	DU@g	DU@g	1
o0900284	s	DU₆~a	DU₆~a	14
o0900287	s	DU₆~b	DU₆~b	28
o0900288	s	DU₆~c	DU₆~c	1
o0900290	c	|DU₆~a~v1×1(N58)|	|DU₆~a×DIŠ|	1
o0900291	s	DU₇	DU₇	4
o0900293	s	DU₈~a	DU₈~a	1
o0900294	s	DU₈~b	DU₈~b	2
o0900296	s	DU₈~c	DU₈~c	35
o0900299	c	|DU₈~c×AB₂|	|DU₈~c×AB₂|	1
o0900301	c	|DU₈~c×AMAR|	|DU₈~c×AMAR|	8
o0900303	c	|DU₈~c×HI|	|DU₈~c×HI|	1
o0900305	c	|DU₈~c×UDU~a|	|DU₈~c×UDU~a|	4
o0900309	s	DU₈~c@g	DU₈~c@g	16
o0900312	s	DUB~a	DUB~a	110
o0900313	s	DUB~b	DUB~b	57
o0900318	s	DUB~c	DUB~c	1
o0900319	s	DUB~d	DUB~d	3
o0900320	s	DUB~e	DUB~e	1
o0900321	s	DUB~f	DUB~f	4
o0900322	s	DUB~h	DUB~h	1
o0900324	c	|(DUB@n~a×1(N58))~a|	|(DUB×DIŠ)~a|	5
o0900325	c	|DUB@n~b×1(N58)~a|	|(DUB×DIŠ)~b|	1
o0900326	c	|(DUB@n~a×1(N58))~b|	|(DUB×DIŠ)~c|	1
o0900329	s	DUB₂	DUB₂	2
o0900331	s	DUG~a	DUG~a	213
o0900334	s	DUG~b	DUG~b	91
o0900336	s	DUG~c~v1	DUG~c	173
o0900338	s	DUG~d	DUG~d	4
o0900340	c	|DUG~b~v1×AB₂|	|DUG~b×AB₂|	2
o0900342	c	|DUG~b×ANŠE~b|	|DUG~b×ANŠE~b|	5
o0900343	c	|DUG~b×ANŠE~d|	|DUG~b×ANŠE~d|	2
o0900347	c	|DUG~b×BALA~a|	|DUG~b×BALA~a|	10
o0900349	c	|DUG~b×BIR₃~c|	|DUG~b×BIR₃~c|	1
o0900351	c	|DUG~b×DIN|	|DUG~b×DIN|	13
o0900354	c	|(DUG~b×DIN)@r|	|DUG~b@r×DIN|	1
o0900358	c	|DUG~b×GA~a~v4|	|DUG~b×GA~a|	1
o0900359	c	|DUG~b×GA~b|	|DUG~b×GA~b|	2
o0900361	c	|DUG~b×GEŠTU~a~v2|	|DUG~b×GEŠTU~a|	5
o0900363	c	|DUG~b×GEŠTU~b|	|DUG~b×GEŠTU~b|	1
o0900365	c	|DUG~b×GI₆|	|DUG~b×GI₆|	3
o0900367	c	|DUG~b×GIŠ|	|DUG~b×GIŠ|	6
o0900370	c	|DUG~b×HI|	|DUG~b×HI|	9
o0900373	c	|DUG~b~v1×HI@g~a|	|DUG~b×HI@g~a|	7
o0900376	c	|DUG~b×KASKAL|	|DUG~b×KASKAL|	10
o0900378	c	|DUG~a×KU₆~a|	|DUG~a×KU₆~a|	1
o0900379	c	|DUG~b×KU₆~a|	|DUG~b×KU₆~a|	2
o0900381	c	|DUG~b×KUR~a|	|DUG~b×KUR~a|	3
o0900382	c	|DUG~b×KUR~b|	|DUG~b×KUR~b|	1
o0900384	c	|DUG~b×(KUR~a.X)|	|DUG~b×(KUR~a.X)|	1
o0900386	c	|DUG~b×KUR@g~a|	|DUG~b×KUR@g~a|	4
o0900389	c	|DUG~b×LAM~a|	|DUG~b×LAM~a|	3
o0900391	c	|DUG~b×MAŠ|	|DUG~b×MAŠ|	13
o0900394	c	|DUG~a×1(N57)|	|DUG~a×1(N57)|	8
o0900395	c	|DUG~b×1(N57)|	|DUG~b×1(N57)|	8
o0900398	c	|DUG~c~v2×1(N57)|	|DUG~c×1(N57)|	57
o0900401	c	|DUG~b×(1(N57).KU₃~a)|	|DUG~b×(1(N57).KU₃~a)|	3
o0900405	c	|DUG~b~v1×1(N58)|	|DUG~c×1(N58)|	1
o0900407	c	|DUG~a×NAGA~a|	|DUG~a×NAGA~a|	1
o0900408	c	|DUG~b×NAGA~a|	|DUG~b×NAGA~a|	6
o0900410	c	|DUG~b×NAM₂|	|DUG~b×NAM₂|	1
o0900414	c	|DUG~b×SA~a|	|DUG~b×SA~a|	5
o0900416	c	|DUG~b×(SA~a.GI)|	|DUG~b×(SA~a.GI)|	4
o0900418	c	|DUG~b×SI₄~a|	|DUG~b×SI₄~a|	6
o0900420	c	|DUG~b×(SI₄~a.X)|	|DUG~b×(SI₄~a.X)|	1
o0900422	c	|DUG~b×SIG₂~a1|	|DUG~b×SIG₂~a1|	3
o0900423	c	|DUG~b×SIG₂~a2|	|DUG~b×SIG₂~a2|	2
o0900425	c	|DUG~b×SIG₇|	|DUG~b×SIG₇|	19
o0900427	c	|DUG~b×SUHUR|	|DUG~b×SUHUR|	1
o0900431	c	|DUG~b×ŠAH₂~a|	|DUG~b×ŠAH₂~a|	4
o0900433	c	|DUG~b×ŠE~a|	|DUG~b×ŠE~a|	18
o0900437	c	|DUG~b×(ŠE~a.NAM₂)|	|DUG~b×(ŠE~a.NAM₂)|	7
o0900439	c	|DUG~b×TAK₄~a|	|DUG~b×TAK₄~a|	4
o0900441	c	|DUG~b×(TAK₄~a.SA~a)|	|DUG~b×(TAK₄~a.SA~a)|	1
o0900443	c	|DUG~b×(TAK₄~a.SAL)|	|DUG~b×(TAK₄~a.SAL)|	1
o0900445	c	|DUG~b×TI|	|DUG~b×TI|	7
o0900447	c	|DUG~a×U₂~a|	|DUG~a×U₂~a|	1
o0900448	c	|DUG~a×U₂~b|	|DUG~a×U₂~b|	1
o0900449	c	|DUG~b×U₂~a|	|DUG~b×U₂~a|	1
o0900452	c	|DUG~b~v2×U₂~b|	|DUG~b×U₂~b|	1
o0900454	c	|DUG~b×(UDU~a×TAR~b)|	|DUG~b×(UDU~a×TAR~b)|	2
o0900456	c	|DUG~b×UH₃~a|	|DUG~b×UH₃~a|	3
o0900458	c	|DUG~b×UH₃~a@t|	|DUG~b×UH₃~a@t|	1
o0900461	c	|DUG~b×X|	|DUG~b×X|	111
o0900466	c	|DUG~b×ZATU764|	|DUG~b×ZATU764|	2
o0900468	c	|DUG~b×ZATU779|	|DUG~b×ZATU779|	2
o0900470	c	|DUG~b×ZATU780|	|DUG~b×ZATU780|	2
o0900472	c	|DUG~b×ZATU781|	|DUG~b×ZATU781|	3
o0900474	c	|DUG~b×(ZATU789.SA~a)|	|DUG~b×(ZATU789.SA~a)|	1
o0900476	c	|(DUG~b~v1&DUG~b~v1)×1(N58)|	|DUG~b&(DUG~b×1(N58))|	1
o0900479	s	DUG~c@t	DUG~c@t	1
o0900481	s	DUGUD	DUGUD	1
o0900483	s	DUR~a	DUR~a	22
o0900484	s	DUR~b	DUR~b	34
o0900485	s	DUR₂	DUR₂	57
o0900487	s	E~a	E~a	80
o0900488	s	E~b	E~b	19
o0900489	s	E~c	E~c	1
o0900493	s	E₂~a	E₂~a	434
o0900494	s	E₂~b	E₂~b	91
o0900495	s	E₂~c	E₂~c	1
o0900496	s	E₂~d	E₂~d	2
o0900503	c	|E₂~a×1(N58@t)|	|E₂~a×1(N57)@t|	38
o0900504	c	|E₂~b×1(N58@t)|	|E₂~b×1(N57)@t|	5
o0900510	s	E₃~b	E₃~b	1
o0900511	s	EDIN	EDIN	5
o0900513	s	EN~a	EN~a	1186
o0900517	s	EN~b	EN~b	67
o0900519	s	EN~c	EN~c	15
o0900523	c	|EN~c&EN~c|	|EN~c&EN~c|	1
o0900525	s	EN@g~a	EN@g~a	2
o0900526	s	EN@g~b	EN@g~b	9
o0900528	s	EN~b@t	EN~b@t	1
o0900529	s	EN₂	EN₂	9
o0900531	c	|EN₂.E₂~a|	|EN₂.E₂~a|	1
o0900532	c	|EN₂.E₂~b|	|EN₂.E₂~b|	5
o0900532	c	|EN₂.E₂~b|	|EN₂×E₂~b|	2
o0900533	s	ENDIB	ENDIB	6
o0900534	s	ENGIZ	ENGIZ	20
o0900535	s	ENKUM	ENKUM	9
o0900541	s	ERIM~a	ERIM~a	141
o0900542	s	ERIM~b1	ERIM~b1	1
o0900543	s	ERIM~b2	ERIM~b2	2
o0900544	s	ERIM₂	ERIM₂	18
o0900545	s	ERIN	ERIN	120
o0900546	s	EŠDA	EŠDA	29
o0900547	c	|EŠDA×TAR~a|	|EŠDA×TAR|	1
o0900548	s	EŠGAR	EŠGAR	19
o0900550	s	EZEN~a	EZEN~a	16
o0900552	s	EZEN~b	EZEN~b	69
o0900554	s	EZEN~c	EZEN~c	5
o0900556	c	|EZEN~a~v1×EN~a|	|EZEN~a×EN~a|	1
o0900557	c	|EZEN~a×EN~b~v1|	|EZEN~a×EN~b|	2
o0900559	c	|EZEN~a×(HI×1(N57).AN)|	|EZEN~a×(HI.1(N57).AN)|	1
o0900561	c	|EZEN~a×KAB|	|EZEN~a×KAB|	1
o0900563	c	|EZEN~a×KAŠ~b|	|EZEN~a×KAŠ~b|	2
o0900565	c	|EZEN~a×KI|	|EZEN~a+KI|	1
o0900570	c	|EZEN~b×6(N57)|	|EZEN~b×6(N57)|	1
o0900573	c	|EZEN~a×NIM~b2|	|EZEN~a×NIM~b2|	1
o0900575	c	|EZEN~a×NIMGIR|	|EZEN~a×NIMGIR|	2
o0900577	c	|EZEN~a×RAD~a|	|EZEN~a×RAD~a|	1
o0900581	c	|EZEN~a×SU~a|	|EZEN~a×SU~a|	6
o0900583	c	|EZEN~a×(U₂~b.A)|	|EZEN~a×(U₂~b.A)|	2
o0900585	c	|EZEN~a×U₄|	|EZEN~a×U₄|	1
o0900587	c	|EZEN~a×X|	|EZEN~a×X|	1
o0900594	s	EZINU~a	EZINU~a	8
o0900595	s	EZINU~b	EZINU~b	1
o0900596	s	EZINU~c	EZINU~c	4
o0900597	s	EZINU~d	EZINU~d	8
o0900599	s	GA~a	GA~a	171
o0900604	s	GA~b	GA~b	25
o0900605	s	GA~c	GA~c	4
o0900607	c	|GA~a~v1.ZATU753|	|GA~a.ZATU753|	65
o0900610	c	|GA~c×KASKAL|	|GA~c×KASKAL|	2
o0900612	c	|GA~c×1(N14)|	|GA~c×1(N14)|	1
o0900616	s	GA₂~a1	GA₂~a1	86
o0900617	s	GA₂~a2	GA₂~a2	13
o0900618	s	GA₂~a3	GA₂~a3	1
o0900619	s	GA₂~a4	GA₂~a4	1
o0900620	s	GA₂~b	GA₂~b	18
o0900621	s	GA₂~c	GA₂~c	1
o0900623	c	|GA₂~a1×A|	|GA₂~a1×A|	3
o0900625	c	|GA₂~b×DUB~a|	|GA₂~b×DUB~a|	6
o0900626	c	|GA₂~b×DUB~b~v2|	|GA₂~b×DUB~b|	1
o0900628	c	|GA₂~a1×E₂~a|	|GA₂~a×E₂~a|	1
o0900631	c	|GA₂~a1×EN~b~v1|	|GA₂~a1×EN~b|	1
o0900633	c	|GA₂~a1×GEŠTU~a|	|GA₂~a1×GEŠTU~a|	1
o0900634	c	|GA₂~a1×GEŠTU~c3|	|GA₂~a1×GEŠTU~c3|	1
o0900635	c	|GA₂~a1×GEŠTU~c5|	|GA₂~a1×GEŠTU~c5|	10
o0900637	c	|GA₂~a1×GIR~a|	|GA₂~a1×GIR~a|	5
o0900639	c	|GA₂~a1×(GIR~a.KU₆~a)|	|GA₂~a1×(GIR~a.KU₆~a)|	1
o0900641	c	|GA₂~a1×GIŠ@t|	|GA₂~a1×GIŠ@t|	1
o0900644	c	|GA₂~a2×GU₄|	|GA₂~a2×GU₄|	3
o0900646	c	|GA₂~a2×(ŠE₃~v1.GU₄)|	|GA₂~a2×(GU₄.ŠE₃)|	9
o0900648	c	|GA₂~a1×HAL|	|GA₂~a1×HAL|	1
o0900650	c	|GA₂~a1×HI|	|GA₂~a1×HI|	3
o0900654	c	|GA₂~a1×KU₃~a|	|GA₂~a1×KU₃~a|	1
o0900657	c	|GA₂~a1×KU₆~a|	|GA₂~a1×KU₆~a|	11
o0900658	c	|GA₂~b×KU₆~a|	|GA₂~b×KU₆~a|	1
o0900660	c	|GA₂~a1×(KU₆~a.KU₆~a)|	|GA₂~a1×(KU₆~a.KU₆~a)|	1
o0900662	c	|GA₂~a1×LAGAB~b|	|GA₂~a1×LAGAB~b|	1
o0900664	c	|GA₂~a1×MAŠ|	|GA₂~a1×MAŠ|	1
o0900666	c	|GA₂~a1×1(N14)|	|GA₂~a1×1(N14)|	3
o0900668	c	|GA₂~a1×1(N57)|	|GA₂~a1×1(N57)|	3
o0900677	c	|GA₂~a2×NI~a|	|GA₂~a2×NI~a|	1
o0900685	c	|GA₂~a1×PAD~b|	|GA₂~a1×PAD~b|	1
o0900687	c	|GA₂~a1×PAP~a|	|GA₂~a1×PAP~a|	1
o0900689	c	|GA₂~a1×SU~a|	|GA₂~a1×SU~a|	1
o0900691	c	|GA₂~a1×SUHUR|	|GA₂~a1×SUHUR|	5
o0900692	c	|GA₂~a2×SUHUR|	|GA₂~a2×SUHUR|	1
o0900694	c	|GA₂~a1×SUKUD|	|GA₂~a1×SUKUD|	5
o0900699	c	|GA₂~a1×SUMAŠ|	|GA₂~a1×SUMAŠ|	1
o0900701	c	|GA₂~a1×ŠA|	|GA₂~a1×ŠA|	1
o0900703	c	|GA₂~a2×ŠE₃~v1|	|GA₂~a2×ŠE₃|	3
o0900705	c	|GA₂~a1×TI|	|GA₂~a1×TI|	3
o0900707	c	|GA₂~a1×U₄|	|GA₂~a1×U₄|	9
o0900709	c	|GA₂~a1×X|	|GA₂~a1×X|	13
o0900711	c	|GA₂~a2×X|	|GA₂~a2×X|	1
o0900712	c	|GA₂~a3×X|	|GA₂~a3×X|	1
o0900715	c	|GA₂~b×ZATU659|	|GA₂~b×ZATU659|	1
o0900719	s	GAʾAR~a1	GAʾAR~a1	42
o0900720	s	GAʾAR~a2	GAʾAR~a2	12
o0900721	s	GAʾAR~b1	GAʾAR~b1	2
o0900722	s	GAʾAR~b2	GAʾAR~b2	3
o0900724	s	GADA~a	GADA~a	83
o0900727	s	GADA~b@g	GADA~b@g	5
o0900729	s	GAL~a	GAL~a	911
o0900730	s	GAL~b	GAL~b	9
o0900732	s	GALGA~a	GALGA~a	12
o0900733	s	GALGA~b	GALGA~b	1
o0900736	s	GAN~a	GAN~a	41
o0900738	s	GAN~b	GAN~b	33
o0900742	s	GAN~c	GAN~c	24
o0900747	c	|GAN~c×DIN|	|GAN~c×DIN|	1
o0900749	c	|GAN~d×GEŠTU~a~v2|	|GAN~d×GEŠTU~a|	1
o0900751	c	|GAN~c×HI|	|GAN~c×HI|	1
o0900755	c	|GAN~c×(HI.DIN)|	|GAN~c×(HI.DIN)|	2
o0900757	c	|GAN~c~v1×KAŠ~c|	|GAN~c×KAŠ~c|	2
o0900759	c	|GAN~c~v1×(KUR~a.A)|	|GAN~c×(KUR~a.A)|	1
o0900761	c	|GAN~c×LAGAB~b|	|GAN~c×LAGAB~b|	2
o0900763	c	|GAN~c×(4(N57).GAR)|	|GAN~c×(4(N57).GAR)|	1
o0900767	c	|GAN~c×SIG₇|	|GAN~c×SIG₇|	1
o0900769	c	|GAN~c~v2×ŠE~a|	|GAN~c×ŠE~a|	2
o0900773	c	|GAN~c×X|	|GAN~c×X|	2
o0900775	c	|GAN~c~v1×ZATU777~v1|	|GAN~c×ZATU777|	1
o0900778	s	GAN₂	GAN₂	199
o0900779	s	GAR	GAR	252
o0900781	s	GAR@g~a	GAR@g~a	4
o0900782	s	GAR@g~b	GAR@g~b	3
o0900783	s	GAR@g~c	GAR@g~c	2
o0900784	s	GAR₃	GAR₃	29
o0900786	s	GARA₂~a	GARA₂~a	37
o0900788	s	GAZI	GAZI	14
o0900790	s	GEŠTIN~a	GEŠTIN~a	6
o0900792	s	GEŠTIN~d	GEŠTIN~d	1
o0900793	s	GEŠTIN~e	GEŠTIN~e	1
o0900797	s	GEŠTU~a	GEŠTU~a	18
o0900800	s	GEŠTU~b	GEŠTU~b	48
o0900801	s	GEŠTU~c3	GEŠTU~c3	7
o0900803	s	GEŠTU~c5	GEŠTU~c5	2
o0900806	s	GI	GI	460
o0900809	c	|GI×A|	|GI+A|	1
o0900810	c	|GI~v1×GIŠ@t|	|GI×GIŠ@t|	1
o0900812	c	|GI×KU~b1|	|GI×KU~b1|	6
o0900814	c	|GI~v1×LAGAB~a|	|GI×LAGAB~a|	3
o0900815	c	|GI~v1×1(N14)|	|GI×1(N14)|	1
o0900816	c	|GI×1(N58@t)|	|GI×1(N58)@t|	2
o0900817	c	|GI×NAM₂|	|GI×NAM₂|	1
o0900819	c	|GI×SIG₂~d1|	|GI×SIG₂~d1|	2
o0900820	c	|GI×ŠE₃~v1|	|GI×ŠE₃|	5
o0900822	c	|GI&GI|	|GI&GI|	64
o0900823	c	|(GI&GI)×GIŠ@t|	|(GI&GI)×GIŠ@t|	1
o0900826	c	|GI~v1&GI~v1&GI~v1|	|GI&GI&GI|	2
o0900827	s	GI@t	GI@t	1
o0900829	s	GI₄~a	GI₄~a	21
o0900830	s	GI₄~b	GI₄~b	7
o0900832	c	|GI₄~a×A|	|GI₄~a×A|	1
o0900835	c	|GI₄~b&GI₄~b|	|GI₄~b&GI₄~b|	1
o0900836	s	GI₆	GI₆	91
o0900839	s	GIBIL	GIBIL	81
o0900841	s	GIBIL₆	GIBIL₆	2
o0900845	s	GIR~a	GIR~a	14
o0900846	s	GIR~b	GIR~b	4
o0900848	s	GIR~c	GIR~c	3
o0900849	s	GIR~d	GIR~d	1
o0900851	c	|GIR~b~v1.GIR~b~v1|	|GIR~b.GIR~b|	4
o0900853	c	|GIR~a.KU₆~a|	|GIR~a.KU₆~a|	1
o0900855	s	GIR₂~a	GIR₂~a	66
o0900858	s	GIR₃~a	GIR₃~a	21
o0900859	s	GIR₃~b	GIR₃~b	1
o0900860	s	GIR₃~c	GIR₃~c	60
o0900864	c	|GIR₃~a×ŠE~b|	|GIR₃~a×ŠE~b|	1
o0900866	c	|GIR₃~c×ŠE₃~v1|	|GIR₃~c×ŠE₃|	2
o0900869	s	GIR₃@g~a	GIR₃@g~a	4
o0900870	s	GIR₃@g~b	GIR₃@g~b	69
o0900871	s	GIR₃@g~c	GIR₃@g~c	5
o0900873	s	GISAL~a	GISAL~a	1
o0900874	s	GISAL~b	GISAL~b	2
o0900875	s	GIŠ	GIŠ	343
o0900877	c	|GIŠ.TE|	|GIŠ.TE|	24
o0900879	c	|(GIŠ×(DIN.DIN))~a|	|(GIŠ×(DIN.DIN))~a|	4
o0900880	c	|(GIŠ×(DIN.DIN))~b|	|(GIŠ×(DIN.DIN))~b|	1
o0900881	c	|(GIŠ×(DIN.DIN))~c|	|(GIŠ×(DIN.DIN))~c|	1
o0900883	c	|(GIŠ×ŠU₂)~a|	|GIŠ×ŠU₂~a|	30
o0900884	c	|(GIŠ×ŠU₂)~b|	|GIŠ×ŠU₂~b|	16
o0900885	s	GIŠ@t	GIŠ@t	34
o0900889	s	GIŠ₃~a	GIŠ₃~a	12
o0900890	s	GIŠ₃~b	GIŠ₃~b	20
o0900892	c	|GIŠ₃~a&GIŠ₃~a|	|GIŠ₃~a&GIŠ₃~a|	2
o0900893	s	GIŠGAL	GIŠGAL	9
o0900896	s	GIŠIMMAR~a1	GIŠIMMAR~a1	5
o0900897	s	GIŠIMMAR~a2	GIŠIMMAR~a2	8
o0900898	s	GIŠIMMAR~a3	GIŠIMMAR~a3	1
o0900899	s	GIŠIMMAR~b1	GIŠIMMAR~b1	41
o0900902	s	GIŠIMMAR~b2	GIŠIMMAR~b2	1
o0900903	s	GIŠIMMAR~b3	GIŠIMMAR~b3	2
o0900906	s	GU	GU	42
o0900906	s	GU	GU~a	15
o0900907	s	GU₂	GU₂	2
o0900908	s	GU₄	GU₄	162
o0900911	c	|GU₄.ZATU755~b|	|GU₄.ZATU755~a|	1
o0900912	s	GU₇	GU₇	254
o0900914	s	GU₄@g	GU₄@g	3
o0900916	s	GUB₃~a	GUB₃~a	4
o0900917	s	GUB₃~b	GUB₃~b	1
o0900918	s	GUB₃~c	GUB₃~c	3
o0900919	s	GUB₃~d	GUB₃~d	1
o0900920	s	GUG₂	GUG₂	115
o0900920	s	GUG₂	GUG₂~a	3
o0900923	c	|GUG₂~v1×SILA₃~a|	|GUG₂×SILA₃~a|	1
o0900926	c	|GUG₂~v1×TUR~v1|	|GUG₂×TUR|	1
o0900929	s	GUKKAL~a	GUKKAL~a	26
o0900930	s	GUKKAL~b	GUKKAL~b	2
o0900931	s	GUKKAL~c	GUKKAL~c	8
o0900932	s	GUKKAL~d	GUKKAL~d	1
o0900934	c	|GUKKAL~a.HI@g~a|	|GUKKAL~a.HI@g~a|	2
o0900935	s	GUL	GUL	25
o0900937	s	GUM~a	GUM~a	15
o0900938	s	GUM~b	GUM~b	30
o0900941	s	GUM~b@n	GUM~b@n	1
o0900944	s	GUN₃~a	GUN₃~a	8
o0900945	s	GUN₃~b	GUN₃~b	6
o0900946	s	GUR	GUR	2
o0900948	s	GURUŠ~a	GURUŠ~a	49
o0900950	s	GURUŠ~b	GURUŠ~b	4
o0900952	c	|GURUŠ~a×2(N14)|	|GURUŠ~a×2(N14)|	2
o0900953	c	|GURUŠ~b×2(N14)|	|GURUŠ~b×2(N14)|	1
o0900954	c	|GURUŠ~c×2(N14)|	|GURUŠ~c×2(N14)|	1
o0900955	s	GURUŠDA	GURUŠDA	58
o0900955	s	GURUŠDA	GURUŠDA~a	9
o0900956	s	HAL	HAL	69
o0900957	s	HALUB	HALUB	11
o0900958	s	HAŠHUR	HAŠHUR	93
o0900959	c	|HAŠHUR×MA|	|HAŠHUR×MA|	3
o0900960	s	HI	HI	233
o0900962	c	|HI.SUHUR|	|HI.SUHUR|	3
o0900966	c	|HI×LAGAB~a|	|HI×LAGAB~a|	3
o0900968	c	|HI×1(N57)|	|HI×1(N57)|	8
o0900969	c	|(HI×1(N57)).(HI×1(N57))|	|(HI×1(N57)).(HI×1(N57))|	1
o0900970	c	|HI×1(N57@t)|	|HI×1(N57)@t|	2
o0900976	s	HI@g~a	HI~a@g	6
o0900976	s	HI@g~a	HI@g~a	135
o0900977	s	HI@g~b	HI@g~b	10
o0900978	s	HI@g~c	HI@g~c	1
o0900981	s	I	I	24
o0900983	s	IB~a	IB~a	194
o0900983	s	IB~a	ŠAB~a	1
o0900984	s	IB~b	IB~b	8
o0900985	s	IB~c	IB~c	5
o0900987	s	IB~a@n	IB~a@n	1
o0900988	s	IDIGNA	IDIGNA	47
o0900991	s	IG~a	IG~a	2
o0900992	s	IG~b	IG~b	1
o0900995	s	IL	IL	8
o0900997	s	ILDUM~a	ILDUM~a	1
o0900998	s	ILDUM~b	ILDUM~b	4
o0901000	s	IM~a	IM~a	65
o0901001	s	IM~b	IM~b	11
o0901005	s	IN~b	IN~b	23
o0901007	s	IN~d	IN~d	1
o0901009	s	IR~a	IR~a	43
o0901010	s	IR~b	IR~b	2
o0901011	s	IR~c	IR~c	1
o0901012	s	IR~d	IR~d	1
o0901014	c	|IR~a.GA₂~a1|	|IR~a.GA₂~a1|	1
o0901016	s	IR₁₁	IR₁₁	5
o0901018	s	IRHAN	IRHAN	1
o0901020	s	IŠ~a	IŠ~a	22
o0901022	s	IŠ~b	IŠ~b	53
o0901028	s	IŠ~c	IŠ~c	1
o0901030	s	KA~a	KA~a	57
o0901033	c	|KA~a.ŠE~a|	|KA~a.ŠE~a|	1
o0901036	c	|KA~a×SAR~a|	|KA~a×SAR~a|	1
o0901038	s	KA₂~a	KA₂~a	11
o0901039	s	KA₂~b	KA₂~b	4
o0901040	s	KA₂~c	KA₂~c	1
o0901043	c	|KA₂~d×LAM~b|	|KA₂×LAM|	19
o0901044	s	KAB	KAB	101
o0901047	s	KAD₄~a	KAD₄~a	9
o0901048	s	KAD₄~b	KAD₄~b	2
o0901052	s	KAK~a	KAK~a	37
o0901053	s	KAK~b	KAK~b	1
o0901055	c	|KAK~a.GA₂~a1|	|KAK~a.GA₂~a1|	3
o0901057	s	KAL~a	KAL~a	5
o0901058	s	KAL~b1	KAL~b1	2
o0901060	s	KAL~b2	KAL~b2	8
o0901062	s	KALAM~a	KALAM~a	19
o0901063	s	KALAM~b	KALAM~b	31
o0901064	s	KALAM~c	KALAM~c	1
o0901065	s	KALAM~d	KALAM~d	1
o0901066	s	KALAM~e	KALAM~e	1
o0901067	s	KALAM~f	KALAM~f	1
o0901068	s	KALAM~g	KALAM~g	6
o0901069	s	KALAM~h	KALAM~h	3
o0901070	s	KALAM~h2	KALAM~h2	1
o0901071	s	KAR	KAR	5
o0901073	s	KAR₂~a	KAR₂~a	52
o0901074	s	KAR₂~b	KAR₂~b	9
o0901075	s	KASKAL	APIN~a	1
o0901075	s	KASKAL	KASKAL	34
o0901078	s	KAŠ~a	KAŠ~a	109
o0901080	s	KAŠ~b	KAŠ~b	100
o0901082	s	KAŠ~c	KAŠ~c	72
o0901083	s	KAŠ~d	KAŠ~d	19
o0901086	c	|KAŠ~b~v1×ŠE~a@t~v1|	|KAŠ~b×ŠE~a|	2
o0901090	s	KI	KI	394
o0901090	s	KI	KI~a	1
o0901091	s	KI@n	KI@n	2
o0901093	c	|KI@n×DUB~a|	|KI@n+DUB~a|	1
o0901094	s	KIB	KIB	8
o0901095	s	KIB@g	KIB@g	1
o0901097	s	KID~a	KID~a	16
o0901098	s	KID~b	KID~b	56
o0901099	s	KID~c	KID~c	5
o0901100	s	KID~d	KID~d	1
o0901101	s	KID~e	KID~e	3
o0901102	s	KIN	KIN	3
o0901104	s	KIN₂~a	KIN₂~a	1
o0901105	s	KIN₂~b	KIN₂~b	1
o0901106	s	KIN₂~c	KIN₂~c	8
o0901107	s	KIN₂~d	KIN₂~d	3
o0901108	s	KIN₂~e	KIN₂~e	1
o0901109	s	KINGAL	KINGAL	35
o0901111	s	KIR₁₁	KIR₁₁	8
o0901113	s	KISAL~a1	KISAL~a1	14
o0901115	s	KISAL~b1	KISAL~b1	182
o0901116	s	KISAL~b2	KISAL~b2	7
o0901117	s	KISAL~b3	KISAL~b3	2
o0901120	s	KISAL~b2@t	KISAL~b2@t	1
o0901122	s	KISIM~a	KISIM~a	57
o0901123	s	KISIM~b	KISIM~b	23
o0901127	s	KISIM~c	KISIM~c	1
o0901128	s	KIŠ	KIŠ	100
o0901131	s	KIŠIK~a	KIŠIK~a	20
o0901132	s	KIŠIK~b	KIŠIK~b	3
o0901133	s	KITI	KITI	12
o0901136	s	KU~a	KU~a	4
o0901137	s	KU~b1	KU~b1	35
o0901138	s	KU~b2	KU~b2	26
o0901142	s	KU₃~a	KU₃~a	193
o0901143	s	KU₃~c	KU₃~c	1
o0901145	s	KU₆~a	KU₆~a	282
o0901146	s	KU₆~c	KU₆~c	1
o0901147	s	KU₆~d	KU₆~d	1
o0901149	c	|KU₆~a.1(N02)|	|KU₆~a.1(N02)|	3
o0901153	c	|KU₆~a+KU₆~a|	|KU₆~a+KU₆~a|	6
o0901158	s	KUR~a	KUR~a	158
o0901159	s	KUR~b	KUR~b	4
o0901160	s	KUR~c	KUR~c	1
o0901164	c	|KUR~a.E₂~a|	|KUR~a.E₂~a|	11
o0901169	s	KUR@g~a	KUR@g~a	7
o0901170	s	KUR@g~b	KUR@g~b	1
o0901172	s	KUŠU₂~a	KUŠU₂~a	4
o0901173	s	KUŠU₂~b	KUŠU₂~b	6
o0901174	s	KUŠU₂~c	KUŠU₂~c	2
o0901175	s	KUŠU₂~d	KUŠU₂~d	1
o0901176	s	KUŠU₂~e	KUŠU₂~e	1
o0901177	s	KUŠU₂~f	KUŠU₂~f	1
o0901179	s	LA~b	LA	1
o0901179	s	LA~b	LA~b	2
o0901181	s	LA~d	LA~d	1
o0901184	s	LA₂	LA₂	55
o0901186	s	LAGAB~a	LAGAB~a	21
o0901187	s	LAGAB~b	LAGAB~b	103
o0901189	c	|LAGAB~b.TE|	|LAGAB~b.TE|	10
o0901197	c	|LAGAB~a×DU₆~a~v1|	|LAGAB~a×DU₆~b|	1
o0901201	c	|LAGAB~b×HI|	|LAGAB~b×HI|	1
o0901207	c	|LAGAB~a×KU₆~a|	|LAGAB~a×KU₆~a|	1
o0901209	c	|LAGAB~a×(KU₆~a+KU₆~a)|	|LAGAB~a×(KU₆~a+KU₆~a)|	1
o0901211	c	|LAGAB~b×KUR~e|	|LAGAB~b×KUR~e|	1
o0901213	c	|LAGAB~a×KUŠU₂~a@t|	|LAGAB~a×KUŠU₂~b|	2
o0901219	c	|LAGAB~a×ME~a|	|LAGAB~a×ME~a|	2
o0901223	c	|LAGAB~a×2(N14)|	|LAGAB~a×2(N14)|	1
o0901225	c	|LAGAB~a×1(N58)|	|LAGAB~a×1(N58)|	1
o0901229	c	|LAGAB~a×NUN~b|	|LAGAB~a×NUN~b|	1
o0901231	c	|LAGAB~a×PA~a|	|LAGAB~a×PA~a|	4
o0901232	c	|LAGAB~b×PA~a|	|LAGAB~b×PA~a|	1
o0901237	c	|LAGAB~a×SIG₇~v1|	|LAGAB~a×SIG₇|	1
o0901239	c	|LAGAB~a×SU~a|	|LAGAB~a×SU~a|	1
o0901243	c	|LAGAB~a×ŠA|	|LAGAB~a×ŠA|	10
o0901245	c	|LAGAB~a×ŠITA~a1|	|LAGAB~a×ŠITA~a1|	19
o0901248	c	|LAGAB~a×TI|	|LAGAB~a×TI|	1
o0901250	c	|LAGAB~a×U₄|	|LAGAB~a×U₄|	1
o0901251	c	|LAGAB~b×U₄|	|LAGAB~b×U₄|	2
o0901253	c	|LAGAB~a×UB|	|LAGAB~a×UB|	1
o0901255	c	|LAGAB~a×X|	|LAGAB~a×X|	3
o0901258	c	|LAGAB~a×ZATU753|	|LAGAB~a×ZATU753|	1
o0901260	c	|LAGAB~b&LAGAB~b|	|LAGAB~b&LAGAB~b|	1
o0901260	c	|LAGAB~b&LAGAB~b|	|LAGAB~b×LAGAB~b|	2
o0901262	s	LAGAR~a	LAGAR~a	46
o0901263	s	LAGAR~b1	LAGAR~b1	5
o0901264	s	LAGAR~b2	LAGAR~b2	3
o0901265	s	LAGAR~c	LAGAR~c	4
o0901267	s	LAGAR~a@r	LAGAR~a@r	1
o0901268	s	LAHTAN₂	LAHTAN₂	7
o0901270	s	LAL₂~a	LAL₂~a	33
o0901271	s	LAL₂~b	LAL₂~b	1
o0901273	c	|LAL₂~a×EZEN~a~v1|	|LAL₂~a×EZEN~a|	1
o0901275	c	|LAL₂~a×NAGA~a|	|LAL₂~a×NAGA~a|	2
o0901277	c	|LAL₂~a×NIM~b2|	|LAL₂~a×NIM~b2|	2
o0901279	s	LAL₃~a	LAL₃~a	2
o0901280	s	LAL₃~b	LAL₃~b	1
o0901283	s	LAM~a	LAM~a	3
o0901284	s	LAM~b	LAM~b	38
o0901290	s	LAM~b@r	LAM~b@r	1
o0901294	s	LAM~b@t	LAM~b@t	2
o0901301	s	LI	LI	7
o0901303	s	LIŠ	LIŠ	3
o0901304	s	LU₂	LU₂	25
o0901310	s	LUGAL	LUGAL	8
o0901312	s	LUM	LUM	11
o0901313	s	MA	MA	128
o0901315	c	|MA~v1×A|	|MA×A|	2
o0901316	c	|MA×MA|	|MA×MA|	9
o0901318	c	|MA×1(N58)|	|MA×1(N58)|	1
o0901320	s	MA₂	MA₂	5
o0901322	s	MAGUR~a	MAGUR~a	4
o0901323	s	MAGUR~b	MAGUR~b	1
o0901325	s	MAH~a	MAH~a	9
o0901326	s	MAH~b	MAH~b	1
o0901328	c	|MAH~a×AB₂|	|MAH~a×AB₂|	1
o0901330	c	|MAH~a×GUKKAL~a|	|MAH~a×GUKKAL~a|	1
o0901332	c	|MAH~a×KU₆~a|	|MAH~a×KU₆~a|	1
o0901335	c	|MAH~a×MAŠ|	|MAH~a×MAŠ|	9
o0901338	c	|MAH~a×NA~a|	|MAH~a×NA~a|	3
o0901339	c	|MAH~b×NA~a|	|MAH~b×NA~a|	1
o0901341	c	|MAH~b×SAL|	|MAH~b×SAL|	1
o0901343	c	|MAH~a×(SILA₃~a×UMBIN~a)|	|MAH~a×(SILA₃~a×UMBIN~a)|	1
o0901345	c	|MAH~a×TUG₂~a|	|MAH~a×TUG₂~a|	1
o0901347	c	|MAH~a×TUN₃~c|	|MAH~a×TUN₃~c|	1
o0901349	c	|MAH~a×UD₅~a~v1|	|MAH~a×UD₅~a|	2
o0901351	c	|MAH~a×UDU~a|	|MAH~a×UDU~a|	1
o0901353	c	|MAH~a×UR~a|	|MAH~a×UR~a|	2
o0901355	c	|MAH~a×UTUA~a|	|MAH~a×UTUA~a|	1
o0901357	c	|MAH~a×X|	|MAH~a×X|	6
o0901359	c	|MAH~a×ZATU659|	|MAH~a×ZATU659|	1
o0901361	s	MAR~a	MAR~a	120
o0901363	s	MAR~b	MAR~b	21
o0901365	c	|MAR~b×GAR|	|MAR~b×GAR|	1
o0901367	c	|MAR~b×(LAGAB~b.ŠE₃~v1)|	|MAR~b×(LAGAB~b.ŠE₃)|	1
o0901369	c	|MAR~b×ŠE~a|	|MAR~b×ŠE~a|	1
o0901371	c	|MAR~b×X|	|MAR~b×X|	2
o0901373	s	MAR@g~a	MAR@g~a	2
o0901375	s	MAR~a@t	MAR~a@t	1
o0901376	s	MAŠ	MAŠ	152
o0901377	s	MAŠ₂	MAŠ₂	88
o0901378	s	MAŠ₂@g	MAŠ₂@g	1
o0901380	s	ME~a	ME~a	327
o0901381	s	ME~b	ME~b	4
o0901382	s	ME₃	ME₃	4
o0901384	s	MEN~a	MEN~a	32
o0901386	s	MEN~b	MEN~b	4
o0901387	s	MES	MES	35
o0901390	s	MIR~a	MIR~a	21
o0901391	s	MIR~b	MIR~b	11
o0901392	s	MU	MU	114
o0901393	s	MUD	MUD	82
o0901396	s	MUD₃~a	MUD₃~a	22
o0901397	s	MUD₃~b	MUD₃~b	2
o0901398	s	MUD₃~c	MUD₃~c	4
o0901399	s	MUD₃~d	MUD₃~d	5
o0901401	s	MUD₃~a@g	MUD₃~a@g	4
o0901404	s	MUL	MUL	2
o0901407	s	MUN~a1	MUN~a1	35
o0901408	s	MUN~a2	MUN~a2	2
o0901409	s	MUN~a3	MUN~a3	1
o0901410	s	MUN~a4	MUN~a4	1
o0901411	s	MUN~b	MUN~b	2
o0901413	s	MUNŠUB~a	MUNŠUB~a	2
o0901414	s	MUNŠUB~b	MUNŠUB~b	1
o0901415	s	MUNU₃	MUNU₃	15
o0901416	s	MURUB₂	MURUB₂	3
o0901417	s	MUŠ	MUŠ	3
o0901419	s	MUŠ₃~a	MUŠ₃~a	237
o0901422	s	MUŠ₃~b	MUŠ₃~b	4
o0901424	s	MUŠ₃~a@g	MUŠ₃~a@g	3
o0901426	s	MUŠEN	MUŠEN	200
o0901427	c	|MUŠEN.3(N58)|	|MUŠEN.3(N58)|	1
o0901429	c	|MUŠEN.UR₃~b2|	|MUŠEN.UR₃~b2|	1
o0901430	c	|MUŠEN×1(N57)|	|MUŠEN×1(N57)|	1
o0901431	c	|MUŠEN×2(N57)|	|MUŠEN×2(N57)|	24
o0901432	c	|MUŠEN×3(N57)|	|MUŠEN×3(N57)|	1
o0901437	s	NA~a	NA~a	91
o0901438	s	NA~b	NA~b	6
o0901439	s	NA~c	NA~c	4
o0901442	s	NA₂~a	NA₂~a	46
o0901444	s	NA₂~b1	NA₂~b1	6
o0901445	s	NA₂~b2	NA₂~b2	6
o0901446	s	NA₂~c	NA₂~c	1
o0901448	s	NAB	NAB	15
o0901452	s	NAGA~a	NAGA~a	118
o0901453	s	NAGA~b	NAGA~b	6
o0901455	c	|NAGA~a×TAK₄~a|	|NAGA~a×TAK₄~a|	1
o0901457	s	NAGAR~a	NAGAR~a	89
o0901461	s	NAGAR~b	NAGAR~b	86
o0901464	s	NAM~a	NAM~a	7
o0901465	s	NAM~b	NAM~b	3
o0901466	s	NAM~c	NAM~c	3
o0901467	s	NAM~d	NAM~d	2
o0901468	s	NAM₂	NAM₂	381
o0901469	c	|NAM₂×1(N01)|	|NAM₂×1(N01)|	1
o0901470	s	NAM₂@g	NAM₂@g	1
o0901471	s	NAM₂@t	NAM₂@t	1
o0901472	s	NAMEŠDA	NAMEŠDA	68
o0901475	s	NANNA~a	NANNA~a	6
o0901477	s	NANNA~b	NANNA~b	2
o0901479	s	NANŠE~a	NANŠE~a	5
o0901480	s	NANŠE~b	NANŠE~b	7
o0901481	s	NAR	NAR	70
o0901483	s	NE~a	NE~a	221
o0901486	s	NE~b	NE~b	1
o0901487	s	NE~c	NE~c	1
o0901488	s	NE~d	NE~d	2
o0901491	s	NERGAL~v	NERGAL~v	1
o0901493	s	NESAG₂~a	NESAG₂~a	65
o0901496	s	NESAG₂~b	NESAG₂~b	20
o0901501	s	NI~a	NI~a	131
o0901502	s	NI~b	NI~b	81
o0901504	c	|NI~a.RU~v1|	|NI~a.RU|	78
o0901508	c	|NI~b×4(N57)|	|NI~b×4(N57)|	1
o0901510	c	|NI~b×X|	|NI~b×X|	1
o0901512	s	NI~a@g	NI~a@g	1
o0901513	s	NI₂	NI₂	27
o0901514	s	NIGIN	NIGIN	7
o0901516	s	NIM~a	NIM~a	65
o0901517	s	NIM~b1	NIM~b1	43
o0901518	s	NIM~b2	NIM~b2	13
o0901519	s	NIM~b3	NIM~b3	1
o0901521	s	NIMGIR	NIMGIR	66
o0901524	s	NIN	NIN	68
o0901525	s	NINDA₂	NINDA₂	16
o0901527	c	|NINDA₂×AN|	|NINDA₂×AN|	1
o0901528	c	|NINDA₂×(AN.HI)|	|NINDA₂×(AN.HI)|	2
o0901530	c	|NINDA₂×(HI.ME~a)|	|NINDA₂×(HI+ME~a)|	1
o0901531	c	|NINDA₂×(HI~a1.ME~a)|	|NINDA₂×GUDU₄|	1
o0901533	c	|NINDA₂×(HI.AN.ME~a)|	|NINDA₂×(HI.AN.ME~a)|	2
o0901535	c	|NINDA₂×(AN.ME~a)|	|NINDA₂×(AN.ME~a)|	1
o0901537	c	|NINDA₂×(AN.X)|	|NINDA₂×(AN.X)|	1
o0901540	c	|NINDA₂×EZEN~b|	|NINDA₂×EZEN~b|	2
o0901542	c	|NINDA₂×GAʾAR~a1|	|NINDA₂×GAʾAR~a1|	1
o0901543	c	|NINDA₂×GAR|	|NINDA₂×GAR|	2
o0901544	c	|NINDA₂×GIŠ|	|NINDA₂×GIŠ|	3
o0901547	c	|NINDA₂×GU₄|	|NINDA₂×GU₄|	1
o0901548	c	|NINDA₂×HI|	|NINDA₂×HI|	3
o0901549	c	|NINDA₂×(HI.X)|	|NINDA₂×(HI.X)|	1
o0901551	c	|NINDA₂×(1(N06).HI@g~a)|	|NINDA₂×(HI@g~a.1(N06))|	2
o0901553	c	|NINDA₂×KAŠ~b|	|NINDA₂×KAŠ~b|	2
o0901555	c	|NINDA₂×MAR~a|	|NINDA₂×MAR~a|	1
o0901556	c	|NINDA₂×MAR~b|	|NINDA₂×MAR~b|	1
o0901557	c	|NINDA₂×1(N01)|	|NINDA₂×1(N01)|	5
o0901558	c	|NINDA₂×2(N01)|	|NINDA₂×2(N01)|	1
o0901560	c	|NINDA₂×1(N08)|	|NINDA₂×1(N08)|	1
o0901564	c	|NINDA₂×NUN~a|	|NINDA₂×NUN~a|	3
o0901567	c	|NINDA₂×U₄|	|NINDA₂×U₄|	1
o0901572	c	|NINDA₂×X|	|NINDA₂×X|	5
o0901575	c	|NINDA₂×(ZATU659×1(N01))|	|NINDA₂×(ZATU659×1(N01))|	2
o0901576	c	|NINDA₂×ZATU710|	|NINDA₂×ZATU710|	3
o0901577	s	NINKUM	NINKUM	10
o0901578	s	NINLIL	NINLIL	4
o0901580	s	NIR~a	NIR~a	24
o0901581	s	NIR~b	NIR~b	15
o0901583	c	|NIR~a×AN|	|NIR~a×AN|	5
o0901584	s	NU	NU	43
o0901585	s	NU@g	NU@g	14
o0901586	s	NU₁₁	NU₁₁	39
o0901587	c	|NU₁₁&NU₁₁|	|NU₁₁&NU₁₁|	1
o0901588	s	NU₁₁@t	NU₁₁@t	2
o0901589	s	NUMUN	NUMUN	13
o0901592	s	NUN~a	NUN~a	491
o0901593	s	NUN~b	NUN~b	52
o0901594	s	NUN~c	NUN~c	17
o0901598	s	NUN~d	NUN~d	3
o0901601	c	|NUN~b.U₄|	|NUN~b.U₄|	1
o0901603	c	|NUN~a+A|	|NUN~a+A|	3
o0901606	c	|NUN~a+EN~a~v2|	|NUN~a+EN~a|	26
o0901607	c	|NUN~a+EN~b~v1|	|NUN~a+EN~b|	2
o0901608	c	|NUN~a+EN~d|	|NUN~a+EN~d|	1
o0901609	c	|NUN~b+EN~a|	|EN~a+NUN~b|	6
o0901609	c	|NUN~b+EN~a|	|NUN~b+EN~a|	2
o0901611	c	|NUN~a+NAM₂|	|NUN~a+NAM₂|	13
o0901613	s	NUNUZ~a0	NUNUZ~a0	3
o0901614	s	NUNUZ~a1	NUNUZ~a1	97
o0901615	s	NUNUZ~a2	NUNUZ~a2	8
o0901616	s	NUNUZ~b1	NUNUZ~b1	5
o0901618	s	NUNUZ~c	NUNUZ~c	16
o0901625	s	PA~a	PA~a	315
o0901628	s	PA~b	PA~b	2
o0901636	s	PAD~a	PAD~a	21
o0901637	s	PAD~b	PAD~b	1
o0901639	s	PAP~a	PAP~a	575
o0901640	s	PAP~b	PAP~b	3
o0901643	s	PAP~a@t	PAP~a@t	3
o0901643	s	PAP~a@t	PAP@t	18
o0901645	s	PIRIG~a1	PIRIG~a1	18
o0901646	s	PIRIG~a2	PIRIG~a2	1
o0901647	s	PIRIG~a3	PIRIG~a3	2
o0901648	s	PIRIG~b1	PIRIG~b1	89
o0901649	s	PIRIG~b2	PIRIG~b2	2
o0901655	c	|PIRIG~b1+DIN|	|PIRIG~b1+DIN|	2
o0901656	s	PU₂	PU₂	36
o0901657	s	RA	RA	4
o0901659	s	RAD~a	RAD~a	120
o0901660	s	RAD~b	RAD~b	16
o0901662	s	RAD~a@g	RAD~a@g	8
o0901668	s	RI₈~a	RI₈~a	5
o0901669	s	RI₈~b	RI₈~b	1
o0901670	s	RU	RU	115
o0901674	s	SA~a	SA~a	17
o0901675	s	SA~c	SA~c	41
o0901677	s	SAG	SAG	306
o0901681	c	|SAG×GEŠTU~a|	|SAG+GEŠTU~a|	2
o0901681	c	|SAG×GEŠTU~a|	|SAG×GEŠTU~a|	7
o0901682	c	|SAG@n×GEŠTU~b|	|SAG×GEŠTU~b|	3
o0901687	c	|SAG~v1×MA~v1|	|SAG×MA|	18
o0901689	c	|SAG×NAM₂|	|SAG+NAM₂|	1
o0901693	c	|SAG+UKKIN~b~v1×1(N57)|	|SAG×(UKKIN~b×1(N57))|	1
o0901694	s	SAG@g	SAG@g	4
o0901695	s	SAG@n	SAG@n	17
o0901696	s	SAGŠU	SAGŠU	17
o0901697	s	SAL	SAL	515
o0901699	c	|SAL.KUR~a|	|SAL.KUR~a|	37
o0901702	s	|SAL.ME~a|	LUKUR	1
o0901703	c	|SAL.ŠU₂~b|	|SAL.ŠU₂|	2
o0901704	c	|SAL×1(N58)|	|SAL×1(N58)|	1
o0901705	c	|SAL.HI×HI|	|SAL.ZATU751~c|	1
o0901707	c	|SAL.ZATU751~a|	|SAL+ZATU751~a|	1
o0901709	s	SANGA~a	SANGA~a	528
o0901712	s	SANGA~b	SANGA~b	16
o0901714	s	SANGA~c	SANGA~c	1
o0901715	s	SANGA~e1	SANGA~e	1
o0901718	s	SAR~a	SAR~a	53
o0901719	s	SAR~b	SAR~b	5
o0901720	s	SAR~c	SAR~c	2
o0901721	s	SAR~d	SAR~d	1
o0901723	c	|SAR~a×ŠE~a|	|SAR~a×ŠE~a|	22
o0901724	s	SI	SI	246
o0901728	c	|SI×EN~a|	|SI×EN~a|	1
o0901729	c	|SI×GU₄|	|SI×GU₄|	1
o0901731	c	|SI×KU~b1|	|SI×KU~b1|	17
o0901732	c	|SI×1(N58)|	|SI×1(N58)|	1
o0901733	c	|SI×SAL|	|SI×SAL|	1
o0901734	c	|SI×ŠE₃~v1|	|SI×ŠE₃|	3
o0901736	c	|SI×TUN₃~a|	|SI×TUN₃~a|	1
o0901737	c	|SI+AN|	|SI+AN|	1
o0901739	s	SI₄~a	SI₄~a	56
o0901740	s	SI₄~b	SI₄~b	1
o0901741	s	SI₄~c	SI₄~c	1
o0901742	s	SI₄~d	SI₄~d	4
o0901744	s	SI₄~f	SI₄~f	57
o0901746	s	SIG	SIG	60
o0901748	c	|1(N57).SIG|	|SIG×1(N57)|	1
o0901751	s	SIG₂~a1	SIG₂~a	1
o0901751	s	SIG₂~a1	SIG₂~a1	14
o0901752	s	SIG₂~a2	SIG₂~a2	18
o0901753	s	SIG₂~a3	SIG₂~a3	17
o0901756	s	SIG₂~a4	SIG₂~a4	2
o0901757	s	SIG₂~b	SIG₂~b	95
o0901758	s	SIG₂~c1	SIG₂~c1	2
o0901759	s	SIG₂~c2	SIG₂~c2	1
o0901760	s	SIG₂~d1	SIG₂~d1	10
o0901761	s	SIG₂~d2	SIG₂~d2	3
o0901763	s	SIG₂~d3	SIG₂~d3	2
o0901764	s	SIG₂~d4	SIG₂~d4	4
o0901765	s	SIG₂~e	SIG₂~e	6
o0901767	c	|SIG₂~b×1(N14)|	|SIG₂~b×1(N14)|	2
o0901769	c	|SIG₂~b&SIG₂~b|	|SIG₂~b.SIG₂~b|	2
o0901770	s	SIG₄	SIG₄	1
o0901771	s	SIG₇	SIG₇	59
o0901775	s	SILA₃~a	SILA₃~a	25
o0901776	s	SILA₃~b	SILA₃~b	5
o0901781	c	|SILA₃~a×A|	|SILA₃~a×A|	1
o0901783	c	|SILA₃~a×AMAR|	|SILA₃~a×AMAR|	1
o0901785	c	|SILA₃~a~v1×DUG~a|	|SILA₃~a×DUG~a|	4
o0901790	c	|SILA₃~a×GA~a~v3|	|SILA₃~a×GA~a|	5
o0901792	c	|SILA₃~a×GARA₂~a|	|SILA₃~a+GARA₂~a|	1
o0901792	c	|SILA₃~a×GARA₂~a|	|SILA₃~a×GARA₂~a|	13
o0901794	c	|SILA₃~a×GEŠTU~a~v2|	|SILA₃~a×GEŠTU~a|	1
o0901795	c	|SILA₃~a×GEŠTU~c3|	|SILA₃~a×GEŠTU~c3|	5
o0901798	c	|SILA₃~b×GUG₂|	|SILA₃~b×GUG₂|	1
o0901800	c	|SILA₃~a×HAŠHUR|	|SILA₃~a×HAŠHUR|	5
o0901802	c	|SILA₃~a×HI|	|SILA₃~a×HI|	6
o0901806	c	|SILA₃~a×IB~a|	|SILA₃~a×IB~a|	1
o0901808	c	|SILA₃~a×KAŠ~a|	|SILA₃~a+KAŠ~a|	2
o0901808	c	|SILA₃~a×KAŠ~a|	|SILA₃~a×KAŠ~a|	2
o0901809	c	|SILA₃~a×KAŠ~c|	|SILA₃~a×KAŠ~c|	2
o0901810	c	|SILA₃~a×KAŠ~d|	|SILA₃~a×KAŠ~d|	1
o0901812	c	|SILA₃~a×KU₆~a|	|SILA₃~a×KU₆~a|	6
o0901814	c	|SILA₃~a×KUR~a|	|SILA₃~a×KUR~a|	1
o0901816	c	|SILA₃~a×MA~v1|	|SILA₃~a×MA|	4
o0901818	c	|SILA₃~a×MAŠ|	|SILA₃~a×MAŠ|	3
o0901820	c	|SILA₃~a×MUD₃~b|	|SILA₃~a+MUD₃~b|	1
o0901822	c	|SILA₃~a×1(N57)|	|SILA₃~a×1(N57)|	2
o0901826	c	|SILA₃~a×NAGA~a|	|SILA₃~a×NAGA~a|	2
o0901827	c	|SILA₃~b×NAGA~b|	|SILA₃~b×NAGA~b|	1
o0901829	c	|SILA₃~a×NI~a|	|SILA₃~a×NI~a|	7
o0901830	c	|SILA₃~c×NI~a|	|SILA₃~b×NI~a|	1
o0901831	c	|SILA₃~b×NI~b|	|SILA₃~b×NI~b|	1
o0901834	c	|SILA₃~a×NUN~b|	|SILA₃~a×NUN~b|	2
o0901836	c	|SILA₃~a×SUHUR|	|SILA₃~a×SUHUR|	2
o0901838	c	|SILA₃~a×SUM~a~v1|	|SILA₃~a×SUM~a|	3
o0901839	c	|SILA₃~a×SUM~b|	|SILA₃~a×SUM~b|	1
o0901841	c	|SILA₃~a×ŠE~a|	|SILA₃~a×ŠE~a|	1
o0901843	c	|SILA₃~a×ŠE~a@t|	|SILA₃~a×ŠE~a@t|	11
o0901845	c	|SILA₃~a×ŠU|	|SILA₃~a×ŠU|	6
o0901848	c	|SILA₃~a×ŠU₂~b|	|SILA₃~a×ŠU₂|	8
o0901850	c	|SILA₃~a×X|	|SILA₃~a×X|	10
o0901852	c	|SILA₃~a×ZATU629~v1|	|SILA₃~a×ZATU629|	1
o0901854	c	|SILA₃~a×ZATU646|	|SILA₃~a×ZATU646|	1
o0901856	c	|SILA₃~a×(ZATU659.TU~c~v1)|	|SILA₃~a×(ZATU659.TU~c)|	1
o0901858	c	|SILA₃~c×ZATU687|	|SILA₃~c×ZATU687|	1
o0901860	s	SILA₄~a	SILA₄~a	10
o0901861	s	SILA₄~b	SILA₄~b	22
o0901862	s	SILA₄~c	SILA₄~c	41
o0901864	s	SILA₄~d	SILA₄~d	1
o0901865	s	SILANITA	SILANITA	20
o0901865	s	SILANITA	SILANITA~a	1
o0901866	s	SIMUG	SIMUG	10
o0901868	s	SIPA	SIPA	6
o0901870	s	SU~a	SU~a	177
o0901872	s	SU~b	SU~b	3
o0901873	s	SU~c	SU~c	1
o0901875	c	|SU~a×1(N58)|	|SU~a×1(N58)|	2
o0901876	s	SU₃	SU₃	5
o0901878	s	SUG	SUG	9
o0901879	s	SUG₅	SUG₅	66
o0901880	s	SUH₃	SUH₃	3
o0901881	s	SUHUR	SUHUR	240
o0901881	s	SUHUR	SUHUR~a	1
o0901883	s	SUHUR@g	SUHUR@g	3
o0901884	s	SUHUR@n	SUHUR@n	1
o0901885	s	SUHUR@t	SUHUR@t	6
o0901887	s	SUKKAL	SUKKAL	113
o0901888	s	SUKUD	SUKUD	12
o0901890	c	|(SUKUD+SUKUD)~a|	|(SUKUD+SUKUD)~a|	4
o0901891	c	|(SUKUD+SUKUD)~b|	|(SUKUD+SUKUD)~b|	12
o0901895	s	SUKUD@g~a	SUKUD@g~a	1
o0901896	s	SUKUD@g~b	SUKUD@g~b	2
o0901898	s	SUKUD@g~c	SUKUD@g~c	1
o0901899	s	SUKUD@g~d	SUKUD@g~d	1
o0901902	s	SUM~a	SUM~a	24
o0901904	s	SUM~b	SUM~b	15
o0901907	s	SUMAŠ	SUMAŠ	2
o0901908	s	SUR	SUR	8
o0901909	s	SUSA	SUSA	1
o0901910	s	ŠA	ŠA	107
o0901914	c	|(ŠA×HI@g~a)~a|	|(ŠA×HI@g~a)~a|	7
o0901915	c	|(ŠA×HI@g~a)~b|	|(ŠA×HI@g~a)~b|	4
o0901916	s	ŠA@g	ŠA@g	15
o0901918	s	ŠA₃~a1	ŠA₃~a1	64
o0901919	s	ŠA₃~a2	ŠA₃~a2	21
o0901919	s	ŠA₃~a2	ŠA₃~b1	1
o0901920	s	ŠA₃~b	ŠA₃~b	3
o0901921	s	ŠA₃~c	ŠA₃~c	8
o0901922	s	ŠA₃~d	ŠA₃~d	1
o0901924	s	ŠA₃~a2@g	ŠA₃~a2@g	1
o0901926	s	ŠAB~a	ŠAB~a	68
o0901928	s	ŠAB~b	ŠAB~b	9
o0901930	s	ŠAGAN	ŠAGAN	62
o0901932	s	ŠAGINA	ŠAGINA	1
o0901934	s	ŠAH₂~a	ŠAH₂~a	21
o0901935	s	ŠAH₂~b	ŠAH₂~b	1
o0901936	s	ŠAH₂~c	ŠAH₂~c	1
o0901938	s	ŠAKIR~a	ŠAKIR~a	3
o0901939	s	ŠAKIR~b	ŠAKIR~b	7
o0901940	s	ŠAKIR~c	ŠAKIR~c	32
o0901941	s	ŠAM₂	ŠAM₂	57
o0901943	s	ŠANDANA~a	ŠANDANA~a	2
o0901946	s	ŠE~a	ŠE~a	847
o0901947	s	ŠE~b	ŠE~b	6
o0901948	s	ŠE~c	ŠE~c	1
o0901951	c	|ŠE~a.GAR|	|ŠE~a.GAR|	2
o0901953	c	|ŠE~a.KIN₂~c|	|ŠE~a.KIN₂~c|	5
o0901955	c	|ŠE~a.NAM₂|	|ŠE~a+NAM₂|	2
o0901955	c	|ŠE~a.NAM₂|	|ŠE~a.NAM₂|	67
o0901959	c	|ŠE~a&ŠE~a|	|ŠE~a&ŠE~a|	25
o0901961	s	ŠE~a@t	ŠE~a@t	9
o0901962	s	ŠE₃	ŠE₃	116
o0901964	s	ŠE₃@t	ŠE₃@t	8
o0901966	s	ŠEG₉	ŠEG₉	28
o0901967	s	ŠELU	ŠELU	31
o0901969	s	ŠEN~a	ŠEN~a	15
o0901971	s	ŠEN~b	ŠEN~b	50
o0901973	s	ŠEN~c	ŠEN~c	2
o0901977	s	ŠEN~e	ŠEN~e	6
o0901979	c	|ŠEN~d×A|	|ŠEN~d×A|	1
o0901981	s	ŠEN~c@t	ŠEN~c@t	28
o0901983	s	ŠENNUR~a	ŠENNUR~a	10
o0901984	s	ŠENNUR~b	ŠENNUR~b	1
o0901986	s	ŠEŠ~a	ŠEŠ~a	16
o0901988	s	ŠEŠ~b	ŠEŠ~b	1
o0901990	s	ŠIDIM	ŠIDIM	28
o0901993	s	ŠIM~a	ŠIM~a	51
o0901996	s	ŠIM~b	ŠIM~b	1
o0901998	s	ŠIR~a	ŠIR~a	11
o0902000	s	ŠIR~b	ŠIR~b	5
o0902004	s	ŠITA~a1	ŠITA~a	2
o0902004	s	ŠITA~a1	ŠITA~a1	253
o0902005	s	ŠITA~a2	ŠITA~a2	1
o0902006	s	ŠITA~a3	ŠITA~a3	25
o0902007	s	ŠITA~b1	ŠITA~b1	20
o0902008	s	ŠITA~b2	ŠITA~b2	4
o0902009	s	ŠITA~b3	ŠITA~b3	6
o0902012	c	|ŠITA~b2@g×HI@g~a|	|ŠITA~b1×HI@g~a|	1
o0902014	c	|ŠITA~a1×KAK~a|	|ŠITA~a1×KAK~a|	2
o0902018	c	|ŠITA~b3×NAM₂|	|ŠITA~b3×NAM₂|	1
o0902020	c	|ŠITA~a1×ŠU|	|ŠITA~a1×ŠU|	2
o0902026	s	ŠITA~a1@g	ŠITA@g~b	3
o0902028	s	ŠITA~b3@g	ŠITA@g~a	18
o0902032	c	|ŠITA~b3@g×1(N06)|	|ŠITA@g~a×1(N06)|	3
o0902033	s	ŠU	ŠU	425
o0902034	c	|ŠU×1(N58)|	|ŠU×1(N58)|	1
o0902035	c	|ŠU&ŠU|	|ŠU&ŠU|	20
o0902036	s	ŠU@g	ŠU@g	4
o0902038	s	ŠU₂	ŠU₂	228
o0902041	c	|ŠU₂~a.AN|	|ŠU₂+AN|	1
o0902043	c	|ŠU₂~b.E₂~a|	|ŠU₂.E₂~a|	8
o0902044	c	|ŠU₂~b.E₂~b|	|ŠU₂.E₂~b|	10
o0902046	c	|ŠU₂~a.EN~a~v1|	|ŠU₂.EN~a|	32
o0902050	c	|ŠU₂~a.(HI×1(N57))&(HI×1(N57))|	|ŠU₂~a.(HI×1(N57))&(HI×1(N57))|	1
o0902050	c	|ŠU₂~a.(HI×1(N57))&(HI×1(N57))|	|ŠU₂.((HI+1(N57))+(HI+1(N57)))|	1
o0902054	c	|ŠU₂.PAP~a|	|ŠU₂.PAP~a|	1
o0902056	c	|ŠU₂~a.URI₃~a~v1|	|ŠU₂.URI₃~a|	1
o0902057	c	|ŠU₂×1(N24)|	|ŠU₂×1(N24)|	1
o0902059	s	ŠU₁₂	ŠU₁₂	1
o0902060	s	ŠUBUR	ŠUBUR	204
o0902061	s	ŠUM	ŠUM	31
o0902063	s	ŠUR₂~a	ŠUR₂~a	8
o0902064	s	ŠUR₂~b	ŠUR₂~b	7
o0902066	c	|ŠUR₂×1(N58)|	|ŠUR₂×1(N58)|	4
o0902068	s	ŠURUPPAK~a	ŠURUPPAK~a	35
o0902070	s	ŠURUPPAK~b	ŠURUPPAK~b	7
o0902074	s	TA~a	TA~a	4
o0902075	s	TA~b	TA~b	1
o0902076	s	TA~c	TA~c	19
o0902077	s	TA~d	TA~d	1
o0902078	s	TA~e	TA~e	1
o0902083	s	TAG~a1	TAG~a1	23
o0902084	s	TAG~a2	TAG~a2	7
o0902085	s	TAG~a3	TAG~a3	2
o0902086	s	TAG~a4	TAG~a4	2
o0902087	s	TAG~b	TAG~b	14
o0902088	s	TAG~c	TAG~c	1
o0902089	s	TAG~d	TAG~d	2
o0902092	s	TAG~a1@t	TAG~a1@t	1
o0902094	s	TAK₄~a	TAK₄~a	125
o0902096	s	TAK₄~c	TAK₄~c	2
o0902098	s	TAK₄~a@n	TAK₄~a@n	1
o0902100	s	TAR~a	TAR~a	84
o0902102	s	TE	TE	222
o0902102	s	TE	TE~a	1
o0902103	s	TI	TI	53
o0902103	s	TI	TI~a	12
o0902105	s	TI@g	TI@g	1
o0902106	s	TI@r	TI@r	2
o0902107	s	TI@t	TI@t	13
o0902108	s	TIDNUM	TIDNUM	1
o0902109	s	TILLA₂	TILLA₂	5
o0902111	s	TU~a	TU~a	19
o0902112	s	TU~b	TU~b	26
o0902114	s	TU~c	TU~c	1
o0902116	s	TUG₂~a	TUG₂~a	194
o0902117	s	TUG₂~b	TUG₂~b	2
o0902118	s	TUG₂~c	TUG₂~c	1
o0902121	c	|TUG₂~a.BAD&BAD|	|TUG₂~a.(BAD&BAD)|	24
o0902123	s	TUG₂~a@g	TUG₂~a@g	17
o0902128	s	TUM~a	TUM~a	24
o0902129	s	TUM~b	TUM~b	4
o0902130	s	TUM~c	TUM~c	13
o0902131	s	TUM~d	TUM~d	3
o0902133	s	TUM~a@g	TUM~a@g	1
o0902136	s	TUN₃~a	TUN₃~a	87
o0902137	s	TUN₃~b	TUN₃~b	3
o0902138	s	TUN₃~c	TUN₃~c	4
o0902139	s	TUR	TUR	269
o0902144	s	TUR@g	TUR@g	7
o0902146	s	TUR₃~a	TUR₃~a	133
o0902147	s	TUR₃~b	TUR₃~b	7
o0902148	s	TUR₃~c	TUR₃~c	1
o0902150	c	|TUR₃~a.5(N57)|	|TUR₃~a.5(N57)|	1
o0902156	s	U₂~a	U₂~a	111
o0902157	s	U₂~b	U₂~b	106
o0902160	s	U₂~c	U₂~c	1
o0902161	s	U₄	U₄	388
o0902163	c	|U₄.1(N08)|	|U₄+1(N08)|	5
o0902163	c	|U₄.1(N08)|	|U₄.1(N08)|	27
o0902164	c	|U₄.2(N08)|	|U₄.2(N08)|	12
o0902165	c	|U₄.3(N08)|	|U₄.3(N08)|	8
o0902166	c	|U₄.4(N08)|	|U₄.4(N08)|	2
o0902167	c	|U₄.5(N08)|	|U₄.5(N08)|	5
o0902168	c	|U₄.6(N08)|	|U₄.6(N08)|	4
o0902169	c	|U₄.7(N08)|	|U₄.7(N08)|	1
o0902170	c	|U₄.8(N08)|	|U₄.8(N08)|	1
o0902171	c	|U₄.1(N14)|	|U₄.1(N14)|	1
o0902172	c	|U₄.1(N14).3(N08)|	|(U₄+1(N14)).3(N08)|	2
o0902173	c	|U₄.1(N14).4(N08)|	|U₄.(1(N14).4(N08))|	1
o0902174	c	|U₄.1(N14).5(N08)|	|U₄.(1(N14).5(N08))|	2
o0902175	c	|U₄.1(N14).8(N08)|	|U₄.(1(N14).8(N08))|	1
o0902176	c	|U₄.2(N14)|	|U₄.2(N14)|	2
o0902177	c	|U₄.ŠU₂~b|	|U₄.ŠU₂|	9
o0902178	c	|U₄×1(N01)|	|U₄×1(N01)|	33
o0902179	c	|U₄×1(N01).5(N08)|	|U₄×1(N01).5(N08)|	1
o0902180	c	|U₄×(1(N01).1(N24))|	|U₄×(1(N01).1(N24))|	1
o0902180	c	|U₄×(1(N01).1(N24))|	|U₄×1(N01)+1(N24)|	1
o0902182	c	|U₄×2(N01)|	|U₄×2(N01)|	10
o0902183	c	|U₄×2(N01).2(N14)|	|U₄×2(N01).2(N14)|	1
o0902184	c	|U₄×2(N01).2(N14).1(N08)|	|U₄×2(N01).(2(N14).1(N08))|	1
o0902185	c	|U₄×2(N01).X|	|U₄×2(N01).X|	1
o0902186	c	|U₄×3(N01)|	|U₄×3(N01)|	3
o0902188	c	|U₄×4(N01)|	|U₄×4(N01)|	6
o0902190	c	|U₄×5(N01)|	|U₄×5(N01)|	1
o0902191	c	|U₄×5(N01).1(N14)|	|U₄×5(N01).1(N14)|	1
o0902192	c	|U₄×6(N01)|	|U₄×6(N01)|	1
o0902193	c	|U₄×8(N01)|	|U₄×8(N01)|	1
o0902194	c	|U₄×8(N01).X|	|U₄×8(N01).X|	1
o0902196	c	|U₄×1(N14)|	|U₄×1(N14)|	1
o0902197	c	|U₄×(1(N14).1(N01))|	|U₄×(1(N14).1(N01))|	1
o0902198	c	|U₄×(1(N14).2(N01))|	|U₄×(1(N14).2(N01))|	10
o0902200	c	|U₄×(1(N14).4(N01))|	|U₄×(1(N14).4(N01))|	1
o0902201	c	|U₄×(1(N14).8(N01))|	|U₄×(1(N14).8(N01))|	2
o0902203	c	|U₄×(2(N14).4(N01))|	|U₄×(2(N14).4(N01))|	1
o0902204	c	|U₄×(3(N14).2(N01))|	|U₄×(3(N14).2(N01))|	1
o0902205	c	|U₄×(3(N14).7(N01))|	|U₄×(3(N14).7(N01))|	1
o0902206	c	|U₄×1(N57)|	|U₄×1(N57)|	132
o0902207	c	|U₄×2(N57)|	|U₄×2(N57)|	44
o0902208	c	|U₄×3(N57)|	|U₄×3(N57)|	30
o0902209	c	|U₄×4(N57)|	|U₄×4(N57)|	7
o0902210	c	|U₄×5(N57)|	|U₄×5(N57)|	5
o0902211	c	|U₄×6(N57)|	|U₄×6(N57)|	8
o0902212	c	|U₄×7(N57)|	|U₄×7(N57)|	3
o0902213	c	|U₄×8(N57)|	|U₄×8(N57)|	3
o0902214	c	|U₄×10(N57)|	|U₄×10(N57)|	2
o0902215	c	|U₄×1(N58@t)|	|U₄×1(N58)@t|	2
o0902216	c	|U₄×X|	|U₄×X|	1
o0902218	c	|U₄.1(N14).1(N08)|	|(U₄+1(N14)).1(N08)|	1
o0902219	c	|U₄+1(N24)|	|U₄+1(N24)|	3
o0902220	s	U₈	U₈	126
o0902225	c	|U₈×TAR~b|	|(U₈×TAR)~b|	1
o0902226	s	U₄@t	U₄@t	1
o0902227	s	UB	UB	163
o0902229	s	UBI~a	UBI~a	2
o0902230	s	UBI~c	UBI~c	8
o0902232	s	UBI~d	UBI~d	2
o0902234	s	UD₅~a	UD₅~a	140
o0902237	s	UD₅~b	UD₅~b	2
o0902238	s	UD₅~c	UD₅~c	2
o0902241	s	UD₅~a@g	UD₅~a@g	1
o0902243	s	UDU~a	UDU~a	413
o0902245	s	UDU~c	UDU~c	4
o0902247	c	|UDU~a×TAR~a|	|(UDU~a×TAR)~a|	4
o0902248	c	|UDU~a×TAR~b|	|(UDU~a×TAR)~b|	10
o0902250	s	UDUNITA~a	UDUNITA~a	126
o0902251	s	UDUNITA~b	UDUNITA~b	1
o0902252	s	UDUNITA~c	UDUNITA~c	14
o0902256	s	UH₃~a	UH₃~a	9
o0902257	s	UH₃~b	UH₃~b	4
o0902259	s	UH₃~a@t	UH₃~a@t	2
o0902261	s	UKKIN~a	UKKIN~a	90
o0902263	s	UKKIN~b	UKKIN~b	11
o0902265	s	UKKIN~c	UKKIN~c	1
o0902268	c	|UKKIN~b×DIN|	|UKKIN~b×DIN|	5
o0902270	c	|UKKIN~b×(DIN.1(N01))|	|UKKIN~b×(DIN.1(N01))|	1
o0902274	c	|UKKIN~b×HI@g~a|	|UKKIN~b×HI@g~a|	1
o0902276	c	|UKKIN~b×2(N01)|	|UKKIN~b×2(N01)|	1
o0902278	c	|UKKIN~b×3(N01)|	|UKKIN~b×3(N01)|	1
o0902280	c	|UKKIN~b×5(N01)|	|UKKIN~b×5(N01)|	1
o0902282	c	|UKKIN~b×NI~a|	|UKKIN~b×NI~a|	2
o0902284	c	|UKKIN~b×X|	|UKKIN~b×X|	1
o0902286	s	UMBIN~a	UMBIN~a	36
o0902287	s	UMBIN~b1	UMBIN~b1	2
o0902288	s	UMBIN~b2	UMBIN~b2	1
o0902289	s	UMBIN~c	UMBIN~c	1
o0902290	s	UMUN₂	UMUN₂	117
o0902293	s	UNUG~a	UNUG~a	204
o0902295	s	UNUG~b	UNUG~b	6
o0902296	s	UNUG~c	UNUG~c	3
o0902298	c	|UNUG~a~v1×A@t|	|UNUG~a×A@t|	1
o0902300	s	UNUG~a@s	UNUG~a@s	1
o0902302	s	UR~a	UR~a	45
o0902303	s	UR~b	UR~b	7
o0902304	s	UR~c	UR~c	2
o0902308	s	UR~a@g	UR~a@g	2
o0902309	s	UR₂	UR₂	84
o0902310	c	|UR₂×1(N57)|	|UR₂×1(N57)|	12
o0902311	c	|UR₂×TAR~c|	|UR₂×TAR|	4
o0902313	s	UR₃~a1	UR₃~a1	4
o0902315	s	UR₃~a2	UR₃~a2	6
o0902316	s	UR₃~a3	UR₃~a3	7
o0902317	s	UR₃~b1	UR₃~b1	8
o0902318	s	UR₃~b2	UR₃~b2	6
o0902323	s	UR₄~a	UR₄~a	10
o0902324	s	UR₄~b	UR₄~b	16
o0902325	s	UR₄~c	UR₄~c	3
o0902327	s	UR₅~a	UR₅~a	58
o0902328	s	UR₅~b	UR₅~b	4
o0902329	s	URI	URI	21
o0902332	s	URI₃~a	URI₃~a	59
o0902334	s	URI₃~b	URI₃~b	1
o0902337	s	URI₅	URI₅	4
o0902339	s	URU~a1	URU~a1	118
o0902340	s	URU~a2	URU~a2	3
o0902341	s	URU~b1	URU~b1	2
o0902342	s	URU~b2	URU~b2	4
o0902343	s	URU~c	URU~c	2
o0902347	c	|URU~a1×AMAR~v2|	|URU~a1×AMAR|	2
o0902351	c	|URU~a1×HI@g~a|	|URU~a1×HI@g~a|	1
o0902353	c	|URU~a3×KALAM~a|	|URU~a3×KALAM~a|	1
o0902355	c	|URU~a1×KI|	|URU~a1×KI|	2
o0902357	c	|URU~a1×1(N57)|	|URU~a1×1(N57)|	1
o0902361	c	|URU~a1×3(N57)|	|URU~a1×3(N57)|	5
o0902363	c	|URU~a2×1(N58)|	|URU~a1+1(N58)|	1
o0902363	c	|URU~a2×1(N58)|	|URU~a2×1(N58)|	2
o0902365	c	|URU~a1×NIMGIR|	|URU~a1×NIMGIR|	1
o0902367	c	|URU~a1×U₄|	|URU~a1×U₄|	1
o0902369	c	|URU~a1×X|	|URU~a1×X|	2
o0902373	s	URUDU~a	URUDU~a	28
o0902376	s	URUDU~c	URUDU~c	2
o0902377	s	URUDU~d	URUDU~d	1
o0902379	s	URUDU@g~a	URUDU@g~a	3
o0902381	s	URUDU@g~c	URUDU@g~c	3
o0902382	s	URUDU@g~d	URUDU@g~d	2
o0902384	s	UŠ~a	UŠ~a	63
o0902385	s	UŠ~b	UŠ~b	4
o0902388	c	|UŠ~b×TAR~c|	|UŠ~b×TAR~c|	2
o0902392	c	|UŠ~a&UŠ~a|	|UŠ~a&UŠ~a|	9
o0902393	c	|UŠ~b&UŠ~b|	|UŠ~b&UŠ~b|	2
o0902394	s	UŠUMGAL	UŠUMGAL	3
o0902397	s	UŠUR₃~b1	UŠUR₃~b1	1
o0902398	s	UŠUR₃~b2	UŠUR₃~b2	1
o0902400	s	UTUA~a	UTUA~a	73
o0902401	s	UTUA~b	UTUA~b	12
o0902404	s	UTUA~a@t	UTUA~a@t	1
o0902406	s	UTUL~a	UTUL~a	30
o0902407	s	UTUL~b	UTUL~b	1
o0902408	s	UTUL~c	UTUL~c	1
o0902409	s	UTUL~d	UTUL~d	1
o0902411	s	UZ~a	UZ~a	2
o0902412	s	UZU	UZU	1
o0902413	c	|X(N57).GAR|	|N(N57).GAR|	1
o0902416	s	ZA~v	ZA~v	9
o0902418	s	ZABALAM~a	ZABALAM~a	34
o0902422	s	ZAG~a	ZAG~a	62
o0902424	s	ZAG~b	ZAG~b	2
o0902425	s	ZAG~c	ZAG~c	7
o0902427	s	ZAR~a	ZAR~a	2
o0902428	s	ZAR~b1	ZAR~b1	2
o0902429	s	ZAR~b2	ZAR~b2	3
o0902430	s	ZAR~c	ZAR~c	7
o0902431	s	ZATU620	ZATU620	1
o0902433	s	ZATU621~a	ZATU621~a	5
o0902434	s	ZATU621~b	ZATU621~b	3
o0902435	s	ZATU621~c	ZATU621~c	2
o0902436	s	ZATU621~d	ZATU621~d	1
o0902437	s	ZATU622	ZATU622	1
o0902438	s	ZATU623	ZATU623	8
o0902442	s	ZATU624~a	ZATU624~a	3
o0902443	s	ZATU624~b	ZATU624~b	1
o0902445	s	ZATU625	ZATU625	13
o0902448	s	ZATU626~a	ZATU626~a	1
o0902449	s	ZATU626~b	ZATU626~b	1
o0902450	s	ZATU626~c	ZATU626~c	1
o0902453	s	ZATU628~a	ZATU628~a	15
o0902455	s	ZATU628~b	ZATU628~b	1
o0902456	s	ZATU629	ZATU629	14
o0902458	s	ZATU630	ZATU630	8
o0902459	s	ZATU631	ZATU631	4
o0902461	s	ZATU632~a	ZATU632~a	1
o0902463	s	ZATU632~b	ZATU632~b	1
o0902466	s	ZATU633~a	ZATU633~a	3
o0902467	s	ZATU633~b	ZATU633~b	4
o0902469	s	ZATU635	ZATU635	3
o0902470	s	ZATU636	ZATU636	3
o0902472	s	ZATU637	ZATU637	2
o0902473	s	ZATU639	ZATU639	6
o0902474	s	ZATU640	ZATU640	1
o0902475	s	ZATU641	ZATU641	1
o0902476	s	ZATU642	ZATU642	2
o0902477	s	ZATU643	ZATU643	1
o0902479	s	ZATU644~a	ZATU644~a	51
o0902480	s	ZATU644~b	ZATU644~b	5
o0902483	s	ZATU646	ZATU646	4
o0902484	s	ZATU647	ZATU647	57
o0902486	s	ZATU648	ZATU648	39
o0902487	s	ZATU649	ZATU649	37
o0902489	s	ZATU650	ZATU650	1
o0902490	s	ZATU651	ZATU651	13
o0902493	c	|ZATU651×AN|	|ZATU651×AN|	1
o0902495	c	|ZATU651×EN~a~v2|	|ZATU651×EN~a|	23
o0902496	c	|ZATU651×GAR|	|ZATU651×GAR|	9
o0902497	c	|ZATU651×MA|	|ZATU651×MA|	1
o0902499	c	|ZATU651×NUN~a|	|ZATU651×NUN~a|	11
o0902502	c	|ZATU651×X|	|ZATU651×X|	2
o0902504	c	|ZATU651×ZAR~c|	|ZATU651×ZAR~c|	1
o0902505	s	ZATU651@g	ZATU651@g	10
o0902506	s	ZATU659	ZATU659	88
o0902507	c	|ZATU659×1(N01)|	|ZATU659×1(N01)|	20
o0902508	c	|ZATU659×1(N14)|	|ZATU659×1(N14)|	1
o0902509	c	|ZATU659×1(N58@t)|	|ZATU659×1(N58)@t|	1
o0902511	s	ZATU662	ZATU662	23
o0902515	c	|ZATU662×1(N14)|	|ZATU662×1(N14)|	10
o0902518	s	ZATU664	ZATU664	2
o0902519	s	ZATU665	ZATU665	1
o0902520	s	ZATU666	ZATU666	1
o0902521	s	ZATU667	ZATU667	1
o0902522	s	ZATU668	ZATU668	1
o0902523	s	ZATU669	ZATU669	3
o0902524	s	ZATU670	ZATU670	1
o0902525	s	ZATU672	ZATU672	3
o0902526	s	ZATU674	ZATU674	1
o0902528	s	ZATU675~a	ZATU675~a	1
o0902529	s	ZATU675~b	ZATU675~b	4
o0902531	s	ZATU675~c	ZATU675~c	2
o0902532	s	ZATU675~d	ZATU675~d	2
o0902534	s	ZATU676~a	ZATU676~a	6
o0902535	s	ZATU676~b	ZATU676~b	7
o0902537	s	ZATU677~a	ZATU677~a	1
o0902538	s	ZATU677~b	ZATU677~b	1
o0902539	s	ZATU678	ZATU678	4
o0902540	s	ZATU679	ZATU679	6
o0902542	s	ZATU680~a1	ZATU680~a1	1
o0902543	s	ZATU680~a2	ZATU680~a2	1
o0902544	s	ZATU680~b	ZATU680~b	6
o0902546	s	ZATU680~d	ZATU680~d	1
o0902547	s	ZATU680~e	ZATU680~e	1
o0902548	s	ZATU681	ZATU681	10
o0902549	s	ZATU682	ZATU682	4
o0902551	s	ZATU683~a	ZATU683~a	1
o0902552	s	ZATU683~b	ZATU683~b	2
o0902554	s	ZATU684	ZATU684	1
o0902555	s	ZATU685	ZATU685	1
o0902557	s	ZATU686~a	ZATU686~a	25
o0902558	s	ZATU686~b	ZATU686~b	9
o0902559	s	ZATU686~c	ZATU686~c	2
o0902560	s	ZATU687	ZATU687	6
o0902562	s	ZATU688~a	ZATU688~a	4
o0902563	s	ZATU688~b	ZATU688~b	1
o0902564	s	ZATU689	ZATU689	3
o0902565	s	ZATU690	ZATU690	1
o0902566	s	ZATU691	ZATU691	1
o0902567	s	ZATU692	ZATU692	1
o0902568	s	ZATU693	ZATU693	30
o0902571	s	ZATU693@t	ZATU693@t	1
o0902573	s	ZATU694~a	ZATU694~a	3
o0902574	s	ZATU694~b	ZATU694~b	10
o0902575	s	ZATU694~c	ZATU694~c	21
o0902577	s	ZATU694~d	ZATU694~d	16
o0902580	s	ZATU694~d@t	ZATU694~d@t	2
o0902581	s	ZATU695	ZATU695	4
o0902582	s	ZATU696	ZATU696	5
o0902584	s	ZATU697~a	ZATU697~a	22
o0902588	s	ZATU697~b	ZATU697~b	4
o0902591	s	ZATU699~a	ZATU699~a	1
o0902592	s	ZATU699~b	ZATU699~b	1
o0902593	s	ZATU700	ZATU700	1
o0902594	s	ZATU701	ZATU701	1
o0902595	s	ZATU702	ZATU702	3
o0902596	s	ZATU703	ZATU703	18
o0902597	s	ZATU704	ZATU704	2
o0902598	s	ZATU705	ZATU705	1
o0902599	s	ZATU706	ZATU706	2
o0902601	s	ZATU707~a	ZATU707~a	9
o0902602	s	ZATU707~b	ZATU707~b	2
o0902603	s	ZATU708	ZATU708	2
o0902604	s	ZATU709	ZATU709	1
o0902605	s	ZATU710	ZATU710	47
o0902607	s	ZATU711	ZATU711	5
o0902610	c	|ZATU711~v1×HI@g~a|	|ZATU711×HI@g~a|	2
o0902611	c	|ZATU711~v1×X|	|ZATU711×X|	1
o0902612	s	ZATU713	ZATU713	7
o0902613	s	ZATU714	ZATU714	28
o0902614	c	|ZATU714.RU|	|ZATU714.RU|	1
o0902616	c	|ZATU714×HI@g~a|	|ZATU714×HI@g~a|	36
o0902617	c	|ZATU714×X|	|ZATU714×X|	1
o0902618	s	ZATU717	ZATU717	2
o0902619	s	ZATU718	ZATU718	11
o0902620	s	ZATU719	ZATU719	1
o0902621	s	ZATU720	ZATU720	19
o0902622	s	ZATU721	ZATU721	2
o0902623	s	ZATU722	ZATU722	3
o0902624	s	ZATU723	ZATU723	3
o0902625	s	ZATU724	ZATU724	3
o0902626	s	ZATU725	ZATU725	17
o0902629	s	ZATU726~a	ZATU726~a	1
o0902630	s	ZATU726~c	ZATU726~c	4
o0902631	s	ZATU726~d	ZATU726~d	20
o0902632	s	ZATU727	ZATU727	1
o0902633	s	ZATU728	ZATU728	5
o0902634	s	ZATU729	ZATU729	7
o0902636	s	ZATU730	ZATU730	1
o0902637	s	ZATU732	ZATU732	8
o0902639	s	ZATU734	ZATU734	1
o0902641	s	ZATU735~a	ZATU735~a	5
o0902642	s	ZATU735~b	ZATU735~b	17
o0902645	s	ZATU735~c	ZATU735~c	1
o0902647	s	ZATU736~a	ZATU736~a	2
o0902648	s	ZATU736~b	ZATU736~b	1
o0902649	s	ZATU737	ZATU737	3
o0902653	c	|ZATU737×AB~a|	|ZATU737×AB~a|	1
o0902655	c	|ZATU737×BU~a|	|ZATU737×BU~a|	1
o0902657	c	|ZATU737×BUR~a|	|ZATU737×BUR~a|	12
o0902657	s	|ZATU737×BUR~a|	GABURRA	3
o0902658	c	|ZATU737×DI|	|ZATU737×DI|	25
o0902663	c	|ZATU737×EN~a~v2|	|ZATU737×EN~a|	1
o0902664	c	|ZATU737~v1×EN~b~v1|	|ZATU737×EN~b|	1
o0902665	c	|ZATU737×GAR|	|ZATU737×GAR|	2
o0902665	s	|ZATU737×GAR|	ZATU741	1
o0902669	c	|ZATU737×NI~a@g|	|ZATU737×NI~a@g|	1
o0902670	c	|ZATU737×NIMGIR|	|ZATU737×NIMGIR|	2
o0902671	c	|ZATU737~v3×SAL|	|ZATU737×SAL|	20
o0902673	c	|ZATU737×SU~a|	|ZATU737×SU~a|	2
o0902675	c	|ZATU737×ŠE~a|	|ZATU737×ŠE~a|	1
o0902677	c	|ZATU737×ŠITA~a1|	|ZATU737×ŠITA~a1|	1
o0902680	c	|ZATU737~v3×U₄|	|ZATU737×U₄|	9
o0902682	c	|ZATU737×UNUG~a~v1|	|ZATU737×UNUG~a|	1
o0902683	c	|ZATU737~v2×X|	|ZATU737×X|	12
o0902687	s	ZATU749~a	ZATU749~a	8
o0902690	s	ZATU749~b	ZATU749~b	9
o0902691	s	ZATU749~c	ZATU749~c	12
o0902692	s	ZATU750	ZATU750	11
o0902697	s	ZATU751~a	ZATU751~a	34
o0902698	s	ZATU751~b	ZATU751~b	5
o0902699	s	ZATU752	ZATU752	99
o0902701	s	ZATU753	ZATU753	111
o0902702	s	ZATU754	ZATU754	3
o0902704	s	ZATU755~a	ZATU755~a	2
o0902705	s	ZATU755~b	ZATU755~b	2
o0902706	s	ZATU756	ZATU756	12
o0902708	s	ZATU757	ZATU757	2
o0902710	s	ZATU758	ZATU758	21
o0902711	s	ZATU759	ZATU759	38
o0902714	c	|ZATU759×KU₆~a|	|ZATU759×KU₆~a|	25
o0902717	c	|ZATU759×(KU₆~a+KU₆~a)|	|ZATU759×(KU₆~a+KU₆~a)|	1
o0902718	c	|ZATU759×X|	|ZATU759×X|	2
o0902719	c	|ZATU759@t×X|	|ZATU759@t×X|	1
o0902722	s	ZATU762~a	ZATU762~a	5
o0902725	s	ZATU762~b	ZATU762~b	4
o0902727	c	|ZATU762~b×AB~a|	|ZATU762~b×AB~a|	1
o0902729	c	|ZATU762~a×NIM~a|	|ZATU762~a×NIM~a|	1
o0902730	s	ZATU764	ZATU764	16
o0902731	s	ZATU765	ZATU765	1
o0902732	s	ZATU766	ZATU766	1
o0902733	s	ZATU767	ZATU767	1
o0902734	s	ZATU768	ZATU768	1
o0902735	s	ZATU769	ZATU769	1
o0902736	s	ZATU771	ZATU771	1
o0902737	s	ZATU772	ZATU772	1
o0902739	s	ZATU773~a	ZATU773~a	39
o0902741	s	ZATU773~b	ZATU773~b	4
o0902742	s	ZATU774	ZATU774	1
o0902743	s	ZATU775	ZATU775	1
o0902744	s	ZATU776	ZATU776	16
o0902746	s	ZATU777	ZATU777	15
o0902749	s	ZATU778	ZATU778	2
o0902751	s	ZATU780	ZATU780	2
o0902752	s	ZATU781	ZATU781	1
o0902753	s	ZATU782	ZATU782	3
o0902754	s	ZATU783	ZATU783	1
o0902755	s	ZATU784	ZATU784	1
o0902756	s	ZATU785	ZATU785	1
o0902757	s	ZATU786	ZATU786	5
o0902758	s	ZATU787	ZATU787	1
o0902759	s	ZATU788	ZATU788	27
o0902761	s	ZATU791	ZATU791	1
o0902762	s	ZATU792	ZATU792	1
o0902763	s	ZATU795	ZATU795	6
o0902764	s	ZATU797	ZATU797	1
o0902765	s	ZATU798	ZATU798	1
o0902766	s	ZATU799	ZATU799	1
o0902767	s	ZATU800	ZATU800	2
o0902768	s	ZATU801	ZATU801	4
o0902769	s	ZATU802	ZATU802	1
o0902770	s	ZATU802~b	ZATU802~b	1
o0902771	s	ZATU803	ZATU803	1
o0902772	s	ZATU804	ZATU804	1
o0902774	s	ZATU806	ZATU806	1
o0902775	s	ZATU807	ZATU807	1
o0902776	s	ZATU808	ZATU808	1
o0902777	s	ZATU809	ZATU809	7
o0902778	s	ZATU810	ZATU810	1
o0902779	s	ZATU811	ZATU811	3
o0902780	s	ZATU812	ZATU812	1
o0902781	s	ZATU813	ZATU813	1
o0902784	s	ZATU817	ZATU817	1
o0902785	s	ZATU818	ZATU818	1
o0902786	s	ZATU819	ZATU819	1
o0902797	s	ZATU832	ZATU832	1
o0902798	s	ZATU833	ZATU833	1
o0902799	s	ZATU834	ZATU834	1
o0902800	s	ZATU835	ZATU835	1
o0902801	s	ZATU836	ZATU836	1
o0902815	s	ZATU847	ZATU847	2
o0902818	s	ZATU850	ZATU850	4
o0902819	s	ZATU851	ZATU851	1
o0902822	s	ZATU854	ZATU854	1
o0902826	s	ZATU858	ZATU858	1
o0902827	s	ZATU859	ZATU859	1
o0902829	s	ZI~a	ZI~a	93
o0902831	s	ZI~b	ZI~b	2
o0902832	s	ZI~d	ZI~d	2
o0902838	s	ZUBI~a	ZUBI~a	1
o0902841	n	2(LAGAB~a)	2(LAGAB~a)	4
o0902843	n	3(LAGAB~a)	3(LAGAB~a)	1
o0902845	n	4(LAGAB~a)	4(LAGAB~a)	2
o0902847	n	6(LAGAB~a)	6(LAGAB~a)	1
o0902848	n	1(N01@f)	1(N01@f)	11
o0902849	n	2(N01@f)	2(N01@f)	3
o0902852	n	5(N01@f)	5(N01@f)	1
o0902857	n	1(N01@r)	1(N01@r)	1
o0902858	n	1(N01)	1(N01)	10425
o0902859	n	2(N01)	2(N01)	2111
o0902860	n	3(N01)	3(N01)	1074
o0902861	n	4(N01)	4(N01)	767
o0902862	n	5(N01)	5(N01)	957
o0902863	n	6(N01)	6(N01)	391
o0902864	n	7(N01)	7(N01)	249
o0902865	n	8(N01)	8(N01)	246
o0902866	n	9(N01)	9(N01)	159
o0902868	n	10(N01)	10(N01)	2
o0902869	n	1(N02)	1(N02)	110
o0902870	c	|1(N02).RU|	|1(N02).RU|	1
o0902871	n	2(N02)	2(N02)	68
o0902872	n	3(N02)	3(N02)	34
o0902873	n	4(N02)	4(N02)	23
o0902874	n	5(N02)	5(N02)	13
o0902875	n	6(N02)	6(N02)	13
o0902876	n	7(N02)	7(N02)	4
o0902877	n	8(N02)	8(N02)	5
o0902878	n	9(N02)	9(N02)	3
o0902879	n	1(N03)	1(N03)	65
o0902880	n	2(N03)	2(N03)	38
o0902881	n	3(N03)	3(N03)	33
o0902882	n	4(N03)	4(N03)	17
o0902883	n	5(N03)	5(N03)	8
o0902884	n	1(N04)	1(N04)	122
o0902885	n	2(N04)	2(N04)	65
o0902886	n	3(N04)	3(N04)	53
o0902887	n	4(N04)	4(N04)	34
o0902888	n	5(N04)	5(N04)	22
o0902894	n	1(N05)	1(N05)	92
o0902895	n	2(N05)	2(N05)	55
o0902896	n	3(N05)	3(N05)	34
o0902897	n	4(N05)	4(N05)	36
o0902898	n	5(N05)	5(N05)	23
o0902899	n	1(N06)	1(N06)	6
o0902909	n	1(N08)	1(N08)	175
o0902912	n	2(N08)	2(N08)	17
o0902913	n	2(N08~b)	2(N08~b)	1
o0902914	n	3(N08)	3(N08)	9
o0902916	n	4(N08)	4(N08)	14
o0902919	n	5(N08)	5(N08)	8
o0902920	n	6(N08)	6(N08)	4
o0902921	n	7(N08)	7(N08)	3
o0902922	n	8(N08)	8(N08)	5
o0902923	n	9(N08)	9(N08)	3
o0902926	n	1(N09)	1(N09)	18
o0902927	n	1(N11)	1(N11)	4
o0902928	n	1(N12)	1(N12)	1
o0902929	n	1(N14)	1(N14)	1848
o0902930	n	2(N14)	2(N14)	956
o0902932	n	3(N14)	3(N14)	591
o0902933	n	4(N14)	4(N14)	375
o0902934	n	5(N14)	5(N14)	264
o0902936	n	6(N14)	6(N14)	75
o0902938	n	7(N14)	7(N14)	59
o0902939	n	8(N14)	8(N14)	65
o0902940	n	9(N14)	9(N14)	38
o0902955	n	1(N15)	1(N15)	11
o0902956	n	2(N15)	2(N15)	6
o0902957	n	3(N15)	3(N15)	3
o0902959	n	5(N15)	5(N15)	3
o0902960	n	1(N16)	1(N16)	8
o0902961	n	1(N17)	1(N17)	1
o0902962	n	1(N18)	1(N18)	18
o0902963	n	2(N18)	2(N18)	13
o0902964	n	3(N18)	3(N18)	6
o0902965	n	4(N18)	4(N18)	2
o0902966	n	5(N18)	5(N18)	3
o0902967	n	6(N18)	6(N18)	2
o0902968	n	7(N18)	7(N18)	1
o0902969	n	8(N18)	8(N18)	2
o0902970	n	9(N18)	9(N18)	2
o0902972	n	1(N19)	1(N19)	80
o0902973	n	2(N19)	2(N19)	74
o0902974	n	3(N19)	3(N19)	49
o0902975	n	4(N19)	4(N19)	29
o0902976	n	5(N19)	5(N19)	35
o0902977	n	6(N19)	6(N19)	18
o0902978	n	7(N19)	7(N19)	20
o0902979	n	8(N19)	8(N19)	14
o0902980	n	9(N19)	9(N19)	9
o0902991	n	1(N20)	1(N20)	57
o0902992	n	2(N20)	2(N20)	36
o0902993	n	3(N20)	3(N20)	21
o0902994	n	4(N20)	4(N20)	13
o0902995	n	5(N20)	5(N20)	6
o0902996	n	6(N20)	6(N20)	8
o0902997	n	7(N20)	7(N20)	4
o0902998	n	8(N20)	8(N20)	4
o0902999	n	9(N20)	9(N20)	5
o0903000	n	2(N21)	2(N21)	5
o0903001	n	3(N21)	3(N21)	8
o0903002	n	4(N21)	4(N21)	4
o0903003	n	5(N21)	5(N21)	2
o0903004	n	6(N21)	6(N21)	1
o0903005	n	1(N22)	1(N22)	48
o0903006	n	2(N22)	2(N22)	32
o0903007	n	1(N22~v)	1(N22~v)	1
o0903010	n	1(N23)	1(N23)	1
o0903011	n	2(N23)	2(N23)	1
o0903012	n	3(N23)	3(N23)	1
o0903014	n	7(N23)	7(N23)	1
o0903015	n	1(N24@f)	1(N24@f)	2
o0903016	n	1(N24)	1(N24)	302
o0903016	n	1(N24)	1(N24′)	7
o0903016	n	1(N24)	1(N24″)	1
o0903022	n	1(N25)	1(N25)	134
o0903023	n	1(N26)	1(N26)	37
o0903026	n	1(N27)	1(N27)	13
o0903028	n	1(N28)	1(N28)	85
o0903032	n	1(N29~a)	1(N29)	1
o0903032	n	1(N29~a)	1(N29~a)	54
o0903035	n	1(N29~c)	1(N29~c)	2
o0903037	n	2(N29~a)	2(N29~a)	4
o0903038	n	2(N29~b)	2(N29~b)	1
o0903043	n	2(N29A~b)	2(N29A~b)	1
o0903047	n	1(N30~b)	1(N30~b)	2
o0903051	n	1(N30A)	1(N30~a)	52
o0903053	n	1(N30C)	1(N30~c)	44
o0903056	n	1(N31)	1(N31)	3
o0903057	n	1(N32)	1(N32)	2
o0903058	n	1(N33)	1(N33)	1
o0903059	n	1(N34)	1(N34)	737
o0903060	c	|1(N34)×1(N58)|	|1(N34)×1(N58)|	1
o0903061	n	2(N34)	2(N34)	245
o0903062	n	3(N34)	3(N34)	112
o0903063	n	4(N34)	4(N34)	79
o0903064	n	5(N34)	5(N34)	68
o0903065	n	6(N34)	6(N34)	35
o0903066	n	7(N34)	7(N34)	18
o0903067	n	8(N34)	8(N34)	10
o0903068	n	9(N34)	9(N34)	12
o0903070	n	1(N34@f)	1(N34@f)	1
o0903076	n	7(N34@f)	7(N34@f)	1
o0903079	n	1(N35)	1(N35)	4
o0903080	n	2(N35)	2(N35)	1
o0903081	n	5(N35)	5(N35)	1
o0903082	n	1(N36)	1(N36)	33
o0903083	n	2(N36)	2(N36)	9
o0903084	n	3(N36)	3(N36)	5
o0903085	n	4(N36)	4(N36)	3
o0903086	n	5(N36)	5(N36)	1
o0903090	n	9(N36)	9(N36)	2
o0903092	n	1(N37)	1(N37)	4
o0903093	n	2(N37)	2(N37)	1
o0903094	n	1(N38)	1(N38)	28
o0903097	n	1(N39~a)	1(N39~a)	188
o0903098	n	1(N39~b)	1(N39~b)	11
o0903100	n	2(N39~a)	2(N39~a)	172
o0903101	n	2(N39~b)	2(N39~b)	5
o0903104	n	3(N39~a)	3(N39~a)	78
o0903105	n	3(N39~b)	3(N39~b)	3
o0903107	n	4(N39~a)	4(N39~a)	53
o0903108	n	4(N39~b)	4(N39~b)	4
o0903111	n	1(N40)	1(N40)	39
o0903112	n	2(N40)	2(N40)	36
o0903113	n	3(N40)	3(N40)	27
o0903114	n	4(N40)	4(N40)	16
o0903115	n	1(N41)	1(N41)	24
o0903116	n	2(N41)	2(N41)	27
o0903117	n	3(N41)	3(N41)	20
o0903118	n	4(N41)	4(N41)	16
o0903120	n	1(N42~a)	1(N42~a)	117
o0903123	n	2(N42~a)	2(N42~a)	83
o0903124	n	2(N42~b)	2(N42~b)	3
o0903126	n	3(N42~a)	3(N42~a)	40
o0903129	n	4(N42~a)	4(N42~a)	23
o0903131	n	1(N43)	1(N43)	2
o0903132	n	4(N43)	4(N43)	1
o0903133	n	1(N44)	1(N44)	1
o0903134	n	1(N45)	1(N45)	244
o0903135	n	1(N45~a)	1(N45~a)	1
o0903137	n	2(N45)	2(N45)	99
o0903138	n	3(N45)	3(N45)	8
o0903140	n	5(N45)	5(N45)	3
o0903141	n	6(N45)	6(N45)	3
o0903143	n	9(N45)	9(N45)	1
o0903153	n	1(N46)	1(N46)	77
o0903154	n	2(N46)	2(N46)	34
o0903155	n	3(N46)	3(N46)	1
o0903158	n	1(N47)	1(N47)	14
o0903159	n	2(N47)	2(N47)	10
o0903161	n	1(N48)	1(N48)	72
o0903162	n	2(N48)	2(N48)	27
o0903163	n	3(N48)	3(N48)	11
o0903164	n	4(N48)	4(N48)	8
o0903169	n	1(N49)	1(N49)	7
o0903170	n	2(N49)	2(N49)	2
o0903171	n	3(N49)	3(N49)	4
o0903172	n	4(N49)	4(N49)	1
o0903174	n	1(N50)	1(N50)	42
o0903175	n	2(N50)	2(N50)	21
o0903176	n	3(N50)	3(N50)	16
o0903177	n	4(N50)	4(N50)	15
o0903178	n	5(N50)	5(N50)	5
o0903188	n	1(N51)	1(N51)	81
o0903189	n	2(N51)	2(N51)	32
o0903190	n	3(N51)	3(N51)	13
o0903191	n	4(N51)	4(N51)	7
o0903192	n	5(N51)	5(N51)	10
o0903193	n	6(N51)	6(N51)	2
o0903194	n	7(N51)	7(N51)	2
o0903195	n	8(N51)	8(N51)	2
o0903196	n	1(N52)	1(N52)	21
o0903197	n	2(N52)	2(N52)	10
o0903198	n	3(N52)	3(N52)	3
o0903199	n	4(N52)	4(N52)	2
o0903200	n	5(N52)	5(N52)	1
o0903201	n	3(N53)	3(N53)	1
o0903202	n	1(N54)	1(N54)	10
o0903203	n	2(N54)	2(N54)	4
o0903204	n	3(N54)	3(N54)	3
o0903206	n	5(N54)	5(N54)	3
o0903207	n	1(N55)	1(N55)	1
o0903209	n	2(N56)	2(N56)	1
o0903210	n	1(N57)	1(N57)	309
o0903210	s	1(N57)	AŠ	1
o0903212	c	|1(N57).BU₃|	|1(N57).BU₃|	1
o0903215	c	|1(N57).MUŠEN|	|1(N57).MUŠEN|	4
o0903219	c	|1(N57).ŠAH₂~a|	|1(N57).ŠAH₂~a|	4
o0903220	c	|1(N57).ŠUBUR|	|1(N57)+ŠUBUR|	1
o0903220	c	|1(N57).ŠUBUR|	|1(N57).ŠUBUR|	29
o0903222	n	2(N57)	2(N57)	92
o0903223	c	|2(N57).AB₂|	|2(N57).AB₂|	1
o0903225	c	|2(N57).BIR₃~a|	|2(N57).BIR₃~a|	1
o0903227	c	|2(N57).KU₆~a|	|2(N57).KU₆~a|	1
o0903228	c	|2(N57).MUŠEN|	|2(N57).MUŠEN|	2
o0903231	c	|2(N57).ŠUBUR|	|2(N57).ŠUBUR|	2
o0903234	n	3(N57)	3(N57)	325
o0903235	c	|3(N57).AMAR|	|3(N57).AMAR|	1
o0903236	c	|3(N57).AZ|	|3(N57).AZ|	3
o0903242	c	|3(N57).EN₂|	|3(N57).EN₂|	6
o0903243	c	|3(N57).GAR|	|3(N57).GAR|	2
o0903245	c	|3(N57).NUNUZ~a1|	|3(N57).NUNUZ~a1|	20
o0903246	c	|3(N57).NUNUZ~c|	|3(N57).NUNUZ~c|	1
o0903248	c	|3(N57).PIRIG~b1|	|3(N57).PIRIG~b1|	26
o0903250	c	|3(N57).SANGA~a|	|3(N57).SANGA~a|	1
o0903251	c	|3(N57).SI|	|3(N57).SI|	2
o0903252	c	|3(N57).ŠUBUR|	|3(N57).ŠUBUR|	3
o0903257	n	4(N57)	4(N57)	21
o0903258	c	|4(N57).AMAR|	|4(N57).AMAR|	1
o0903259	c	|4(N57).GAR|	|4(N57).GAR|	5
o0903261	c	|4(N57).KU₃~a|	|4(N57).KU₃~a|	11
o0903264	n	5(N57)	5(N57)	41
o0903265	c	|5(N57).GAR|	|5(N57).GAR|	8
o0903267	c	|5(N57).KU₃~a|	|5(N57).KU₃~a|	4
o0903268	n	6(N57)	6(N57)	13
o0903270	c	|6(N57).GAR|	|6(N57).GAR|	3
o0903272	c	|6(N57).KU₃~a|	|6(N57).KU₃~a|	2
o0903273	n	7(N57)	7(N57)	8
o0903274	c	|7(N57).GAR|	|7(N57).GAR|	1
o0903275	n	8(N57)	8(N57)	3
o0903277	c	|8(N57).NI~b|	|8(N57).NI~b|	1
o0903278	n	9(N57)	9(N57)	2
o0903279	n	10(N57)	10(N57)	1
o0903280	n	1(N58)	1(N58)	75
o0903282	c	|(1(N58).BAD)~a|	|1(N58).BAD~a|	64
o0903283	c	|(1(N58).BAD)~b|	|1(N58).BAD~b|	4
o0903284	n	2(N58)	2(N58)	8
o0903285	n	3(N58)	3(N58)	5
o0903287	c	|3(N58).UR₃~b1|	|3(N58).UR₃~b1|	1
o0903288	n	4(N58)	4(N58)	1
o0903291	n	9(N58)	9(N58)	1
o0903292	n	10(N58)	10(N58)	2
o0903293	n	12(N58)	12(N58)	1
o0903294	n	1(N58@t)	1(N58)@t	2
o0903295	n	1(N59)	1(N59)	1
o0903296	n	2(N59)	2(N59)	1
o0903297	n	3(N59)	3(N59)	11
o0903298	n	4(N59)	4(N59)	2
o0903299	n	6(N59)	6(N59)	3
o0903300	n	7(N59)	7(N59)	1
o0903301	n	1(N60)	1(N60)	4
o0903302	n	3(N61)	3(N61)	1
o0903303	n	4(N62)	4(N62)	1
o0903308	n	1(N29B)	1(N29~b)	6
o0903309	n	1(N30D)	1(N30~d)	2
o0903310	n	1(N30E)	1(N30~e)	1
o0903334	n	1(N24A)	1(N24~a)	28
o0903336	n	1(N24B)	1(N24~b)	15
o0903337	n	1(N26B)	1(N26~b)	1
o0903338	n	1(N28B)	1(N28~b)	2
o0903339	n	1(N29AB)	1(N29A~b)	1
o0903340	n	1(N28C)	1(N28~c)	32
o0903342	n	1(N30AC)	1(N30A~c)	4
o0903352	n	1(N07A)	1(N07~a)	15
o0903353	n	2(N07A)	2(N07~a)	12
o0903354	n	3(N07A)	3(N07~a)	9
o0903355	n	1(N07B)	1(N07~b)	4
o0903356	n	2(N07B)	2(N07~b)	3
o0903357	n	3(N07B)	3(N07~b)	2
o0903368	s	X	X	4553
o0903564	c	X₂	|2(N57).DU₆~a@n|	1
o0903566	c	|GEŠTU~a×ŠE~a@t|	|GEŠTU~a×ŠE~a@t|	1
o0903662	n	1(N30C~a)	1(N30C~a)	1
o0903664	c	|LAGAB~b.LAGAB~b|	|LAGAB~b+LAGAB~b|	1
